Image,Cloth_label
1257194670_0.jpg,2
1331669067_0.jpg,6
1030031690_0.jpg,0
1042079939_0.jpg,7
1392549927_0.jpg,3
1219369112_0.jpg,7
1074414124_0.jpg,7
1022435684_0.jpg,5
1382318481_0.jpg,7
1109736123_0.jpg,5
1049622193_0.jpg,3
1029862130_0.jpg,2
1445565607_0.jpg,4
1454956234_0.jpg,3
1004558638_0.jpg,1
1477572864_0.jpg,4
1797314050_0.jpg,0
1054664399_0.jpg,5
1087983100_0.jpg,4
1156694115_0.jpg,5
1187166366_0.jpg,3
1344869062_0.jpg,3
1411108444_0.jpg,3
1500368012_0.jpg,7
1111112171_0.jpg,1
1166941378_0.jpg,1
1246367092_0.jpg,3
1350177495_0.jpg,3
10056013380_0.jpg,5
1121574657_0.jpg,0
1303850620_0.jpg,3
1102712669_0.jpg,7
1205757170_0.jpg,4
1036523237_0.jpg,6
1324702294_0.jpg,3
1392129959_0.jpg,7
1359907332_0.jpg,7
1478486268_0.jpg,4
1389461157_0.jpg,7
1095502819_0.jpg,7
1722904135_0.jpg,0
1029194300_0.jpg,7
1539907962_0.jpg,5
1409573292_0.jpg,7
1485571905_0.jpg,5
1146838255_0.jpg,1
1101318621_0.jpg,3
1314149812_0.jpg,3
1146567724_0.jpg,3
1262301524_0.jpg,5
1247030205_0.jpg,0
1035036428_0.jpg,6
1033142471_0.jpg,6
1264889620_0.jpg,6
1101903698_0.jpg,2
1247184025_0.jpg,7
1317555774_0.jpg,5
1330223813_0.jpg,3
1144764607_0.jpg,4
1326877329_0.jpg,3
1479995285_0.jpg,1
1242793985_0.jpg,7
1201296110_0.jpg,2
1437533671_0.jpg,7
1433419343_0.jpg,3
1032737181_0.jpg,3
1482184105_0.jpg,4
1213565797_0.jpg,3
1207928418_0.jpg,5
1199734161_0.jpg,6
1025732676_0.jpg,7
10113569775_0.jpg,3
1310516632_0.jpg,6
1472560038_0.jpg,0
1243049207_0.jpg,1
1434820264_0.jpg,7
1260478899_0.jpg,7
1032553374_0.jpg,3
1041442015_0.jpg,3
1485571881_0.jpg,5
1017486136_0.jpg,3
1236218871_0.jpg,5
1133429754_0.jpg,2
1409452000_0.jpg,6
1011133355_0.jpg,3
1226466690_0.jpg,3
1208536997_0.jpg,7
10109097678_0.jpg,7
1328650673_0.jpg,7
1101940062_0.jpg,0
1344030422_0.jpg,3
1247340131_0.jpg,3
1305998751_0.jpg,2
1150688534_0.jpg,4
1347178759_0.jpg,3
1297256893_0.jpg,0
1462294012_0.jpg,7
1040769262_0.jpg,6
1347872337_0.jpg,3
1191613266_0.jpg,7
1015502981_0.jpg,7
1026443138_0.jpg,1
1351430872_0.jpg,5
1182461083_0.jpg,2
1289471846_0.jpg,6
1025402364_0.jpg,7
1030129404_0.jpg,7
1316365656_0.jpg,6
1450398396_0.jpg,7
1473348305_0.jpg,5
1274929625_0.jpg,3
1248517625_0.jpg,7
1098259882_0.jpg,4
1455711347_0.jpg,7
1769902553_0.jpg,0
1075290555_0.jpg,3
1254028753_0.jpg,4
1132585673_0.jpg,1
1142352904_0.jpg,4
1048904663_0.jpg,1
1079441210_0.jpg,7
1095652093_0.jpg,4
1480648150_0.jpg,4
1769901889_0.jpg,0
1351512637_0.jpg,7
1366194775_0.jpg,7
1088716999_0.jpg,7
1364052762_0.jpg,5
1130701057_0.jpg,0
1412430885_0.jpg,7
1258769930_0.jpg,6
1485571901_0.jpg,5
1300618669_0.jpg,6
1218157111_0.jpg,7
1090036303_0.jpg,7
1022898131_0.jpg,1
1088401156_0.jpg,1
1031585767_0.jpg,6
1157557498_0.jpg,1
1102816870_0.jpg,2
1685465239_0.jpg,0
1292044087_0.jpg,0
1161537717_0.jpg,4
1422622299_0.jpg,3
1202563396_0.jpg,1
1161456523_0.jpg,1
1298430997_0.jpg,2
1289023566_0.jpg,7
1466170484_0.jpg,7
1293910506_0.jpg,3
1219368704_0.jpg,7
1411957810_0.jpg,5
1146586960_0.jpg,0
1118534141_0.jpg,2
10091721602_0.jpg,0
1339088679_0.jpg,2
1170417441_0.jpg,3
10006509691_0.jpg,5
1320920256_0.jpg,6
1144724089_0.jpg,1
1089267990_0.jpg,7
1416371508_0.jpg,6
1476904434_0.jpg,4
1244143898_0.jpg,3
1249476025_0.jpg,7
1167605865_0.jpg,4
1453702562_0.jpg,5
1473160744_0.jpg,7
1132577470_0.jpg,1
1332640803_0.jpg,3
1036210672_0.jpg,5
1074199456_0.jpg,7
1032904518_0.jpg,3
1491273504_0.jpg,5
1330888993_0.jpg,6
1297564478_0.jpg,7
1210393998_0.jpg,0
1453121972_0.jpg,3
1093913806_0.jpg,1
1062921455_0.jpg,7
1078388223_0.jpg,7
1454463559_0.jpg,7
1282179188_0.jpg,7
1094587094_0.jpg,3
1228722790_0.jpg,0
1036781614_0.jpg,3
1196023596_0.jpg,2
1385825459_0.jpg,7
1495363626_0.jpg,3
1125540924_0.jpg,3
1232773314_0.jpg,3
1048899704_0.jpg,5
1489929644_0.jpg,1
1495851672_0.jpg,4
1078121912_0.jpg,3
1022148857_0.jpg,5
1018471485_0.jpg,7
1454880633_0.jpg,7
1064754225_0.jpg,3
1083259103_0.jpg,5
1026023352_0.jpg,2
1199665966_0.jpg,2
1217455922_0.jpg,6
1481238482_0.jpg,4
1417053325_0.jpg,3
1351763578_0.jpg,3
1317788234_0.jpg,6
1306347368_0.jpg,2
1086573558_0.jpg,3
1188633700_0.jpg,3
1011633987_0.jpg,0
1053433496_0.jpg,2
1167798596_0.jpg,3
1032563896_0.jpg,7
1478466516_0.jpg,4
1391108933_0.jpg,7
1208474845_0.jpg,7
1252402890_0.jpg,7
1280844407_0.jpg,0
1187395731_0.jpg,3
1155315143_0.jpg,1
1091563600_0.jpg,1
1320877421_0.jpg,6
1478182022_0.jpg,7
1410977675_0.jpg,7
1769895798_0.jpg,0
1330884019_0.jpg,7
1104899936_0.jpg,3
1030716189_0.jpg,7
1490689306_0.jpg,1
1142909391_0.jpg,7
1002670173_0.jpg,7
1465998453_0.jpg,7
1360946122_0.jpg,5
1204558725_0.jpg,2
1032215032_0.jpg,7
1496129371_0.jpg,2
1255421598_0.jpg,0
1326906784_0.jpg,6
1291121631_0.jpg,2
1273969082_0.jpg,3
1277160651_0.jpg,3
1459863206_0.jpg,5
1434778323_0.jpg,5
1464461740_0.jpg,5
1154331609_0.jpg,4
1050007603_0.jpg,0
1334611180_0.jpg,2
1420359863_0.jpg,7
1408429009_0.jpg,7
1264804286_0.jpg,0
1072487361_0.jpg,7
1157416550_0.jpg,1
1408287879_0.jpg,7
1766472779_0.jpg,5
1078467063_0.jpg,3
1350518349_0.jpg,7
1473648167_0.jpg,7
1117255836_0.jpg,4
1161456519_0.jpg,1
1034194481_0.jpg,7
1017782447_0.jpg,3
1223074374_0.jpg,7
1041747210_0.jpg,7
1296231288_0.jpg,7
1769922396_0.jpg,0
1063862329_0.jpg,3
1000874355_0.jpg,7
1464328722_0.jpg,7
1156170001_0.jpg,3
1347768912_0.jpg,3
1035550359_0.jpg,0
1047596976_0.jpg,5
1088195806_0.jpg,3
1498983328_0.jpg,5
1237741131_0.jpg,5
1453238628_0.jpg,7
1363078316_0.jpg,1
1033076131_0.jpg,7
1030656366_0.jpg,7
1430921861_0.jpg,5
1160442767_0.jpg,7
1292279203_0.jpg,3
1262143099_0.jpg,3
1195415737_0.jpg,3
1128883807_0.jpg,1
1491653432_0.jpg,4
1109367401_0.jpg,7
1138819032_0.jpg,7
1496120607_0.jpg,4
1476208846_0.jpg,7
1011633991_0.jpg,2
1100469186_0.jpg,3
1478673081_0.jpg,7
1289254565_0.jpg,7
1431816455_0.jpg,7
1484208257_0.jpg,4
1210386903_0.jpg,1
1023800587_0.jpg,0
1313432406_0.jpg,6
1145230588_0.jpg,2
1007981042_0.jpg,7
1030844615_0.jpg,0
1022435676_0.jpg,5
1769896770_0.jpg,0
1300029983_0.jpg,5
1348877729_0.jpg,7
1234755356_0.jpg,3
1308238768_0.jpg,7
1260478896_0.jpg,7
1225292456_0.jpg,3
1307707387_0.jpg,5
1038602951_0.jpg,3
1024061647_0.jpg,2
1475837806_0.jpg,7
1220658465_0.jpg,7
1173342210_0.jpg,1
1172051120_0.jpg,1
1462227895_0.jpg,0
1762156476_0.jpg,6
1342744126_0.jpg,2
1100403260_0.jpg,7
1797314056_0.jpg,0
1189426827_0.jpg,6
1048441237_0.jpg,7
1076107698_0.jpg,7
1444727453_0.jpg,7
1293434210_0.jpg,3
1478747403_0.jpg,4
1065019051_0.jpg,6
1034105897_0.jpg,6
1032195497_0.jpg,0
1330901377_0.jpg,5
1137593662_0.jpg,3
1473862024_0.jpg,3
1307565574_0.jpg,0
1033061528_0.jpg,2
1315304872_0.jpg,7
1488016216_0.jpg,4
1487292802_0.jpg,4
1309775983_0.jpg,5
1091300322_0.jpg,7
1266778181_0.jpg,3
1472518333_0.jpg,4
1477085562_0.jpg,7
1337908141_0.jpg,3
1345110920_0.jpg,3
1479187015_0.jpg,4
1140959116_0.jpg,1
1339097328_0.jpg,3
1195625049_0.jpg,4
1397491275_0.jpg,7
1147608796_0.jpg,1
1316477075_0.jpg,3
1185280185_0.jpg,1
1083076481_0.jpg,2
1478511322_0.jpg,7
1259479907_0.jpg,3
1164813818_0.jpg,1
1381291438_0.jpg,6
1097945202_0.jpg,5
1207283146_0.jpg,0
1031547760_0.jpg,0
1372494698_0.jpg,7
1249066822_0.jpg,7
1033615074_0.jpg,3
1105030979_0.jpg,4
1383312215_0.jpg,2
1380424818_0.jpg,7
1076111070_0.jpg,5
1232915337_0.jpg,5
1351833405_0.jpg,5
1033773771_0.jpg,7
1473452104_0.jpg,7
1180205844_0.jpg,4
1190016322_0.jpg,3
1211645682_0.jpg,6
1131269062_0.jpg,2
1048921960_0.jpg,3
1243881319_0.jpg,3
1033123687_0.jpg,3
1334403619_0.jpg,2
1031229082_0.jpg,7
1307937685_0.jpg,6
1306807409_0.jpg,7
1310045885_0.jpg,6
1018085170_0.jpg,1
1199924310_0.jpg,0
1391810566_0.jpg,7
1034094921_0.jpg,7
1107157664_0.jpg,5
1098986764_0.jpg,7
1228107218_0.jpg,3
1030663520_0.jpg,7
1323056571_0.jpg,2
1314076652_0.jpg,5
1185826482_0.jpg,3
1494586360_0.jpg,4
1376506368_0.jpg,5
1223415963_0.jpg,6
1466386900_0.jpg,7
1206022410_0.jpg,7
1041448419_0.jpg,5
1263668689_0.jpg,6
1254160652_0.jpg,1
1041219737_0.jpg,7
1287938107_0.jpg,6
1441580718_0.jpg,7
1315113075_0.jpg,3
1241249628_0.jpg,7
1200712135_0.jpg,3
1087329770_0.jpg,6
1351616459_0.jpg,6
1198732804_0.jpg,1
1467203639_0.jpg,5
1453559625_0.jpg,4
1388053676_0.jpg,6
1078645089_0.jpg,3
1305782624_0.jpg,2
1234072861_0.jpg,3
1433117850_0.jpg,7
1292698636_0.jpg,3
1170385801_0.jpg,1
1022671377_0.jpg,1
1312131264_0.jpg,2
1113810361_0.jpg,1
1208879330_0.jpg,7
1355894367_0.jpg,7
1271394622_0.jpg,3
1366465987_0.jpg,2
1033647125_0.jpg,5
1161164977_0.jpg,1
1022696154_0.jpg,4
1230285369_0.jpg,7
1237126452_0.jpg,7
1458725304_0.jpg,5
1076771254_0.jpg,7
1314214079_0.jpg,6
1480766588_0.jpg,0
1110339176_0.jpg,4
1011284960_0.jpg,7
1186914956_0.jpg,7
1181127873_0.jpg,4
1011109463_0.jpg,3
1138890799_0.jpg,1
1483244180_0.jpg,0
1386255782_0.jpg,7
1303995680_0.jpg,3
1019904458_0.jpg,4
1084825805_0.jpg,3
1351151412_0.jpg,7
1035916152_0.jpg,0
1232915342_0.jpg,5
1029128477_0.jpg,3
1307698799_0.jpg,6
1091777470_0.jpg,1
1086684456_0.jpg,1
1283059373_0.jpg,5
1481427107_0.jpg,5
1499302941_0.jpg,3
1291900526_0.jpg,7
1314313332_0.jpg,2
1273602994_0.jpg,3
1274973991_0.jpg,5
1141768137_0.jpg,2
1042639345_0.jpg,6
1038319489_0.jpg,6
1037569436_0.jpg,3
1159130221_0.jpg,7
1361896026_0.jpg,7
1075093773_0.jpg,7
1100135869_0.jpg,7
1150536686_0.jpg,1
1309015445_0.jpg,4
1102612617_0.jpg,4
1273729136_0.jpg,3
1182452165_0.jpg,3
1239032035_0.jpg,3
1434591181_0.jpg,7
1033229842_0.jpg,7
1041441863_0.jpg,7
1229294626_0.jpg,5
1374717946_0.jpg,5
1000874344_0.jpg,7
1124364699_0.jpg,1
1468830007_0.jpg,7
1035591848_0.jpg,7
1308942190_0.jpg,7
1145826034_0.jpg,1
1685480273_0.jpg,0
1123879359_0.jpg,7
1114204093_0.jpg,4
1320119319_0.jpg,6
1039910317_0.jpg,7
1176623794_0.jpg,3
1166088926_0.jpg,3
1207946380_0.jpg,5
1367917411_0.jpg,3
1207962160_0.jpg,1
1748883058_0.jpg,0
1076267185_0.jpg,7
1253151928_0.jpg,0
1392373023_0.jpg,4
1361829229_0.jpg,7
1026002387_0.jpg,7
1197393317_0.jpg,5
1326626839_0.jpg,3
1033061520_0.jpg,7
1004671052_0.jpg,1
1136540065_0.jpg,3
1445658439_0.jpg,4
1117823911_0.jpg,7
1055319098_0.jpg,7
1375592734_0.jpg,7
1399484364_0.jpg,2
1467523635_0.jpg,3
1289028045_0.jpg,7
1683784003_0.jpg,7
1037755406_0.jpg,5
1179095494_0.jpg,1
1491479464_0.jpg,4
1037755402_0.jpg,5
1460105359_0.jpg,5
1434785598_0.jpg,5
1025257124_0.jpg,3
1475837818_0.jpg,7
1295170020_0.jpg,5
1210392871_0.jpg,7
1472464637_0.jpg,7
1406399248_0.jpg,7
1269539050_0.jpg,5
1161215807_0.jpg,1
1490058386_0.jpg,4
1316398992_0.jpg,3
1102569162_0.jpg,7
1112982036_0.jpg,4
1374414227_0.jpg,2
1032349400_0.jpg,3
1076129978_0.jpg,7
1032149797_0.jpg,7
1264178910_0.jpg,7
1127975000_0.jpg,4
1187166386_0.jpg,3
1003235462_0.jpg,1
1219363022_0.jpg,7
1083398105_0.jpg,3
1173347602_0.jpg,7
1076503182_0.jpg,7
1125550536_0.jpg,1
1487496325_0.jpg,5
1145256117_0.jpg,4
1174580866_0.jpg,7
1146497478_0.jpg,1
1091249396_0.jpg,0
1178221157_0.jpg,4
1245547302_0.jpg,3
1185826490_0.jpg,3
1305003629_0.jpg,2
1481216857_0.jpg,4
1748883106_0.jpg,0
1197349407_0.jpg,2
1229947657_0.jpg,7
1627352488_0.jpg,5
1217642955_0.jpg,7
1132786897_0.jpg,5
1119939859_0.jpg,1
1357962519_0.jpg,3
1457359201_0.jpg,3
1077048127_0.jpg,7
1075917286_0.jpg,7
1003349977_0.jpg,4
1477327689_0.jpg,4
1501312380_0.jpg,3
1241052202_0.jpg,7
1356360478_0.jpg,3
1043896412_0.jpg,3
1314335710_0.jpg,7
1352687175_0.jpg,3
1278138919_0.jpg,6
1472591684_0.jpg,4
1287440430_0.jpg,6
1443859444_0.jpg,5
1018315859_0.jpg,1
1024421012_0.jpg,4
1119875822_0.jpg,4
1482450666_0.jpg,7
1038577599_0.jpg,2
1360737886_0.jpg,3
1366324742_0.jpg,7
1287888187_0.jpg,7
1034421680_0.jpg,7
1229968622_0.jpg,3
1196774470_0.jpg,5
1479188284_0.jpg,4
1170391809_0.jpg,0
10109097675_0.jpg,7
1036320527_0.jpg,5
1229127751_0.jpg,4
1271958309_0.jpg,7
1116344439_0.jpg,4
1189124969_0.jpg,2
1769902219_0.jpg,0
1123804967_0.jpg,4
1034418176_0.jpg,7
1126549051_0.jpg,7
1085294300_0.jpg,7
1363274504_0.jpg,0
1475837814_0.jpg,0
1475172328_0.jpg,3
1443376149_0.jpg,5
1323226924_0.jpg,6
1091243768_0.jpg,7
1042979901_0.jpg,7
1454558923_0.jpg,7
1446625319_0.jpg,5
1213460996_0.jpg,3
1026051939_0.jpg,1
1484519445_0.jpg,3
1058801751_0.jpg,7
1017611329_0.jpg,3
1063191844_0.jpg,3
1028819495_0.jpg,7
1358030803_0.jpg,3
1488451492_0.jpg,7
1220657825_0.jpg,7
1005497154_0.jpg,7
1281260070_0.jpg,3
1286138571_0.jpg,3
1034094948_0.jpg,3
1211795697_0.jpg,2
1419511908_0.jpg,7
1317874005_0.jpg,7
1388868044_0.jpg,7
1018785748_0.jpg,7
1294153335_0.jpg,3
1172051128_0.jpg,0
1151371508_0.jpg,5
1471618358_0.jpg,5
1405968904_0.jpg,7
1315216163_0.jpg,3
1310275525_0.jpg,6
1208419504_0.jpg,7
1428849676_0.jpg,7
1019956053_0.jpg,1
1333780388_0.jpg,3
1093396005_0.jpg,7
1298209484_0.jpg,7
1050024681_2.jpg,5
1180219729_0.jpg,7
1034166002_0.jpg,5
1343402390_0.jpg,2
1034447314_0.jpg,7
1064974432_0.jpg,3
1281180353_0.jpg,6
1476498170_0.jpg,2
1188402911_0.jpg,3
1403411123_0.jpg,6
1478515137_0.jpg,4
1323096608_0.jpg,6
1027066398_0.jpg,7
1156878549_0.jpg,7
1154341227_0.jpg,1
1306384013_0.jpg,7
1048219948_0.jpg,3
1331500054_0.jpg,7
1118923129_0.jpg,3
1041914088_0.jpg,7
1005968882_0.jpg,4
1432280021_0.jpg,7
1327807966_0.jpg,5
1010794837_0.jpg,5
1033136754_0.jpg,5
1034498134_0.jpg,3
1034301806_0.jpg,1
1402276204_0.jpg,5
1184656046_0.jpg,1
1302579173_0.jpg,6
1188359335_0.jpg,2
1224829198_0.jpg,3
1104356532_0.jpg,7
1218502364_0.jpg,0
1167490828_0.jpg,5
1021338162_0.jpg,3
1224289500_0.jpg,3
1273356166_0.jpg,6
1030446646_0.jpg,7
1321433542_0.jpg,3
1027842817_0.jpg,7
1350677593_0.jpg,7
1007913656_0.jpg,7
1161211797_0.jpg,1
1152356588_0.jpg,1
1489228422_0.jpg,4
1159786562_0.jpg,7
1004880894_0.jpg,1
1139044653_0.jpg,1
1460323225_0.jpg,6
1288886881_0.jpg,7
1050284525_0.jpg,3
1270329890_0.jpg,3
1227679823_0.jpg,7
1217526896_0.jpg,2
1019089218_0.jpg,3
1097014139_0.jpg,5
1079564224_0.jpg,4
1154336866_0.jpg,5
1277804575_0.jpg,0
1237911823_0.jpg,6
1107486855_0.jpg,1
1438596664_0.jpg,7
1430622320_0.jpg,3
1284435479_0.jpg,6
1515292512_0.jpg,0
1330830219_0.jpg,2
1214219931_0.jpg,7
1107927430_0.jpg,1
1336773628_0.jpg,6
1130191061_0.jpg,4
1212610166_0.jpg,5
1004335078_0.jpg,3
1004147114_0.jpg,5
1487528734_0.jpg,5
1138818600_0.jpg,7
1159257148_0.jpg,1
1182419926_0.jpg,4
1074072200_0.jpg,7
1333633818_0.jpg,3
1484227143_0.jpg,4
1239074848_0.jpg,7
1095841598_0.jpg,4
1339438627_0.jpg,7
1446078852_0.jpg,2
1221847841_0.jpg,5
1392298843_0.jpg,7
1484193445_0.jpg,7
1319375874_0.jpg,6
1303864671_0.jpg,7
1226935207_0.jpg,5
1205299655_0.jpg,0
1111511566_0.jpg,0
1264147832_0.jpg,3
1043518125_0.jpg,3
1084818584_0.jpg,0
1476721876_0.jpg,7
1276678852_0.jpg,2
1401784646_0.jpg,7
1471551433_0.jpg,4
1448639521_0.jpg,7
1106501786_0.jpg,3
1282362341_0.jpg,3
1200346944_0.jpg,2
1171710598_0.jpg,1
1476250309_0.jpg,4
1242931641_0.jpg,7
1096090323_0.jpg,4
1234370978_0.jpg,7
1457549015_0.jpg,5
1280009018_0.jpg,6
1385508713_0.jpg,7
1246802031_0.jpg,3
1225247697_0.jpg,3
1469997259_0.jpg,7
1304640148_0.jpg,3
1368329369_0.jpg,2
1118497807_0.jpg,1
1440901069_0.jpg,7
1209660241_0.jpg,5
1189794626_0.jpg,1
1313099489_0.jpg,6
1225637286_0.jpg,4
1029630497_0.jpg,3
1359353933_0.jpg,7
1300565556_0.jpg,7
1235020460_0.jpg,3
1350542522_0.jpg,7
1463863201_0.jpg,0
1479156058_0.jpg,4
1035038020_0.jpg,7
1136249855_0.jpg,5
1378741813_0.jpg,7
1095639897_0.jpg,7
1471745001_0.jpg,3
1447361586_0.jpg,7
1465100031_0.jpg,7
1252626408_0.jpg,0
1185253621_0.jpg,2
1470497590_0.jpg,4
1457991077_0.jpg,7
1479143788_0.jpg,4
1303793280_0.jpg,1
1117234740_0.jpg,1
1316445256_0.jpg,6
1244673633_0.jpg,0
1159848169_0.jpg,0
1154423436_0.jpg,4
1138868462_0.jpg,4
1331980529_0.jpg,3
1034517087_0.jpg,3
1096942132_0.jpg,1
1306573048_0.jpg,7
1073903089_0.jpg,7
1036147510_0.jpg,5
1362180163_0.jpg,7
1475710980_0.jpg,0
1001427491_0.jpg,3
1371341056_0.jpg,7
1435852718_0.jpg,2
1035276666_0.jpg,6
1207075794_0.jpg,7
1248184346_0.jpg,6
1174524173_0.jpg,1
1408162023_0.jpg,5
1470537834_0.jpg,4
1485223415_0.jpg,4
1294056308_0.jpg,7
1316243491_0.jpg,6
1462505950_0.jpg,5
1224063659_0.jpg,5
1489795777_0.jpg,4
1119921421_0.jpg,3
1184384218_0.jpg,0
1226165385_0.jpg,3
1172051740_0.jpg,0
1332592284_0.jpg,6
1080608063_0.jpg,1
1477045708_0.jpg,7
1486833555_0.jpg,4
1033243164_0.jpg,3
1130573847_0.jpg,4
1257194645_0.jpg,5
1170398109_0.jpg,0
1277015520_0.jpg,7
1463938322_0.jpg,7
1096769202_0.jpg,4
1393970031_0.jpg,5
1476244535_0.jpg,4
1472524917_0.jpg,0
1113164317_0.jpg,1
1341875132_0.jpg,3
1207928410_0.jpg,7
1357589999_0.jpg,2
1007852667_0.jpg,6
1457445783_0.jpg,7
1261259044_0.jpg,2
1251173609_0.jpg,3
1258717020_0.jpg,5
1228718248_0.jpg,2
1022697052_0.jpg,0
1051284979_0.jpg,7
10106443148_0.jpg,3
1360736136_0.jpg,7
1049659324_0.jpg,3
1351602849_0.jpg,5
1174674991_0.jpg,4
1360623926_0.jpg,7
1115904256_0.jpg,0
1022071925_0.jpg,1
1096148559_0.jpg,3
1027113457_0.jpg,7
1397491255_0.jpg,7
1436637339_0.jpg,7
1110839727_0.jpg,3
1323754367_0.jpg,3
1097980464_0.jpg,4
1478673086_0.jpg,1
1127786238_0.jpg,2
1208441147_0.jpg,7
1266819151_0.jpg,7
1359843125_0.jpg,7
1683974788_0.jpg,0
1091327430_0.jpg,3
1026691819_0.jpg,3
1182016687_0.jpg,2
1464302449_0.jpg,7
1488080545_0.jpg,1
1217410440_0.jpg,7
1056874895_0.jpg,7
1028982231_0.jpg,1
1314650568_0.jpg,3
1672664706_0.jpg,3
1143546372_0.jpg,1
1462501664_0.jpg,5
1036079658_0.jpg,0
1234275035_0.jpg,1
1003682308_0.jpg,2
1477831450_0.jpg,4
1219353709_0.jpg,3
1224556035_0.jpg,2
1475011551_0.jpg,7
1304129151_0.jpg,5
1231187803_0.jpg,7
1113812022_0.jpg,7
1457200136_0.jpg,5
1091604078_0.jpg,1
1154341352_0.jpg,7
1311398538_0.jpg,6
1288899680_0.jpg,3
1220881153_0.jpg,2
1185252175_0.jpg,3
1033152783_0.jpg,7
1208120650_0.jpg,1
1031707988_0.jpg,0
1336146535_0.jpg,2
1478582476_0.jpg,7
1322474552_0.jpg,7
1465890592_0.jpg,5
1475940766_0.jpg,7
1149498901_0.jpg,4
1484199153_0.jpg,4
1085121975_0.jpg,0
1391161015_0.jpg,6
1012181831_0.jpg,7
1234635094_0.jpg,3
1454882404_0.jpg,5
1384314262_0.jpg,7
1424846052_0.jpg,7
1134596061_0.jpg,1
1131023993_0.jpg,2
1090243782_0.jpg,7
1163973352_0.jpg,0
1314398555_0.jpg,2
1217598166_0.jpg,3
1477004970_0.jpg,0
1179253664_0.jpg,7
1136533691_0.jpg,7
1653526545_0.jpg,5
1003682280_0.jpg,1
1478242593_0.jpg,5
1141502890_0.jpg,4
1084905444_0.jpg,0
1297214851_0.jpg,3
1333163631_0.jpg,7
1275308456_0.jpg,6
1232720475_0.jpg,3
1459467917_0.jpg,4
1478774003_0.jpg,7
1117736159_0.jpg,3
1328875418_0.jpg,3
1484148976_0.jpg,7
1448503950_0.jpg,7
1234109042_0.jpg,7
1316798491_0.jpg,2
1076261002_0.jpg,7
1486487791_0.jpg,0
1329826496_0.jpg,6
1382313770_0.jpg,7
1227734827_0.jpg,3
1034515415_0.jpg,7
1026822897_0.jpg,5
1018024991_0.jpg,5
1051724605_0.jpg,7
1289484077_0.jpg,1
1491566063_0.jpg,7
1201307192_0.jpg,2
1379766915_0.jpg,7
1034481529_0.jpg,6
1032593233_0.jpg,3
1473917753_0.jpg,4
1047058287_0.jpg,6
1128813556_0.jpg,4
1339492250_0.jpg,2
1279203351_0.jpg,3
1162683671_0.jpg,2
1021569950_0.jpg,7
1064436986_0.jpg,7
1048247711_0.jpg,7
1075156378_0.jpg,6
1038570716_0.jpg,6
1252098438_0.jpg,3
1290621383_0.jpg,5
1479343740_0.jpg,4
1334508732_0.jpg,3
1158110344_0.jpg,4
1617713185_0.jpg,5
1400558011_0.jpg,6
1011489172_1.jpg,3
1477341713_0.jpg,7
1330830203_0.jpg,2
1174009555_0.jpg,0
1326926914_0.jpg,6
1267732309_0.jpg,3
1351688333_0.jpg,3
1241565973_0.jpg,7
1188630623_0.jpg,5
1012153994_0.jpg,7
1082968468_0.jpg,1
1036178858_0.jpg,7
1076892037_0.jpg,3
1471475717_0.jpg,0
1204583403_0.jpg,1
1263240612_0.jpg,6
1137311739_0.jpg,4
1035315965_0.jpg,6
1180296888_0.jpg,2
1299605047_0.jpg,3
1197047014_0.jpg,4
1226280244_0.jpg,3
1290804122_0.jpg,6
1017611324_0.jpg,0
1153582156_0.jpg,2
1186359584_0.jpg,6
1274913650_0.jpg,6
1212551402_0.jpg,7
1274332885_0.jpg,6
1091865612_0.jpg,3
1025292674_0.jpg,4
1480100368_0.jpg,3
1478075095_0.jpg,0
1015873795_0.jpg,7
1270330985_0.jpg,6
1095841599_0.jpg,4
1155313653_0.jpg,5
1769924670_0.jpg,0
1421717323_0.jpg,5
1234065206_0.jpg,3
1264256274_0.jpg,7
1341729012_0.jpg,6
1038702826_0.jpg,7
1031682326_0.jpg,7
1032228102_0.jpg,7
1273408231_0.jpg,7
1480930149_0.jpg,4
1229943251_0.jpg,0
1421394949_0.jpg,7
1393224596_0.jpg,7
1408218060_0.jpg,7
1503573678_0.jpg,3
1159074118_0.jpg,1
1443468539_0.jpg,7
1315993287_0.jpg,3
1470843808_0.jpg,0
1029054806_0.jpg,4
1031884454_0.jpg,7
1034456990_0.jpg,7
1084488571_0.jpg,3
1188327608_0.jpg,0
1104262307_0.jpg,7
1489857025_0.jpg,4
1023733985_0.jpg,6
1116042878_0.jpg,5
1344076692_0.jpg,4
1144803693_0.jpg,2
1475654243_0.jpg,0
1337535985_0.jpg,7
1098181535_0.jpg,4
1031207964_0.jpg,7
1364634139_0.jpg,7
1274929613_0.jpg,7
1237218404_0.jpg,3
1026012238_0.jpg,7
1159848179_0.jpg,0
1159041095_0.jpg,4
1474551540_0.jpg,3
1097022125_0.jpg,3
1475387621_0.jpg,0
1235099251_0.jpg,4
1282681069_0.jpg,6
1252412229_0.jpg,3
1503068878_0.jpg,4
1226824852_0.jpg,5
1479941588_0.jpg,4
1686158632_0.jpg,5
1164162460_0.jpg,1
1451772142_0.jpg,7
1081714644_0.jpg,4
1218304970_0.jpg,2
1241161977_0.jpg,7
1118898694_0.jpg,3
1084493791_0.jpg,3
1076845697_0.jpg,7
1037323600_0.jpg,6
1244253976_0.jpg,7
1131598407_0.jpg,3
1032109214_0.jpg,7
1495225380_0.jpg,5
1122294892_0.jpg,0
1026302195_0.jpg,7
1478226064_0.jpg,0
1025571124_0.jpg,1
1264631752_0.jpg,2
1467218464_0.jpg,7
1017544666_1.jpg,1
1147826370_0.jpg,5
1208131660_0.jpg,3
1091824368_0.jpg,2
1283397141_0.jpg,7
1486990059_0.jpg,3
1109571682_0.jpg,1
1308644692_0.jpg,7
1069230128_0.jpg,7
1312130982_0.jpg,2
1452047002_0.jpg,5
1354671151_0.jpg,6
1480586120_0.jpg,7
1090054687_0.jpg,7
1252739925_0.jpg,5
1327242519_0.jpg,6
1096074983_0.jpg,4
1212450225_0.jpg,3
1021436658_0.jpg,1
1130573901_0.jpg,4
1469824702_0.jpg,3
1261062470_0.jpg,7
1025322225_0.jpg,7
1141904533_0.jpg,4
1244010887_0.jpg,7
1050312583_1.jpg,5
1204066286_0.jpg,0
1343404335_0.jpg,7
1243870285_0.jpg,7
1477490774_0.jpg,4
1159821918_0.jpg,1
1051377464_0.jpg,3
1315993303_0.jpg,3
1298914768_0.jpg,3
1058192004_0.jpg,1
1289000571_0.jpg,2
1154476476_0.jpg,1
1006433409_0.jpg,2
1071203581_0.jpg,5
1255277187_0.jpg,3
1033094573_0.jpg,7
1159728291_0.jpg,1
1155313635_0.jpg,3
1186917956_0.jpg,7
1243962019_0.jpg,7
1490000067_0.jpg,5
1481917110_0.jpg,5
1120824249_0.jpg,1
1124159500_0.jpg,1
1158258175_0.jpg,1
1334752053_0.jpg,3
1191798018_0.jpg,0
1033049099_0.jpg,7
1213460987_0.jpg,5
1307652996_0.jpg,3
1228237453_0.jpg,6
1225466500_0.jpg,5
1096096878_0.jpg,4
1112683087_0.jpg,2
1204335827_0.jpg,1
1338940524_0.jpg,7
1013036082_0.jpg,3
1479061456_0.jpg,5
1136816434_0.jpg,1
1056832622_0.jpg,7
1673446881_0.jpg,1
1281934742_0.jpg,6
1769898251_0.jpg,0
1265460916_0.jpg,3
1123600594_0.jpg,2
1218927308_0.jpg,3
1036942975_0.jpg,3
1129378456_0.jpg,7
1084487797_0.jpg,0
1333670142_0.jpg,7
1440151480_0.jpg,7
1037780628_0.jpg,3
1483703302_0.jpg,4
1478892519_0.jpg,0
1477641350_0.jpg,7
1329273531_0.jpg,3
1235162584_0.jpg,7
1100890071_0.jpg,3
1106281614_0.jpg,7
1022807524_0.jpg,7
1336404147_0.jpg,2
1473630604_0.jpg,5
1769922600_0.jpg,0
1019731740_0.jpg,1
1217642949_0.jpg,7
1219186527_0.jpg,1
1371483046_0.jpg,7
1143499108_0.jpg,4
1247085219_0.jpg,5
1195916221_0.jpg,2
1251204048_0.jpg,0
1097014133_0.jpg,3
1232447830_0.jpg,2
1453428080_0.jpg,0
1093926981_0.jpg,5
1213238460_0.jpg,3
1089267786_0.jpg,7
1031653610_0.jpg,5
1334062997_0.jpg,2
1290648415_0.jpg,6
1314436026_0.jpg,2
1017230480_0.jpg,1
1339418779_0.jpg,3
1259741548_0.jpg,7
1179204888_0.jpg,4
1074452552_0.jpg,7
1489964026_0.jpg,4
1442397997_0.jpg,7
1447363430_0.jpg,7
1456822124_0.jpg,0
1032263090_0.jpg,7
1017117457_0.jpg,0
1484849746_0.jpg,5
1477375669_0.jpg,7
1055459015_0.jpg,3
1428959758_0.jpg,5
1030520117_0.jpg,7
1193023647_0.jpg,2
1062292397_0.jpg,6
1029943040_0.jpg,1
1105716318_0.jpg,2
1103736092_0.jpg,4
1437082534_0.jpg,4
1496452723_0.jpg,1
1105591346_0.jpg,5
1267576573_0.jpg,0
1187309458_0.jpg,1
1453952420_0.jpg,7
1334970685_0.jpg,7
1266959330_0.jpg,7
1352605874_0.jpg,3
1465962793_0.jpg,7
1352523826_0.jpg,7
1005639397_0.jpg,1
1130060974_0.jpg,4
1219370727_0.jpg,7
1284076378_0.jpg,6
1214719242_0.jpg,7
1461479081_0.jpg,0
1245589454_0.jpg,3
1233017541_0.jpg,5
1276912765_0.jpg,3
1471022885_0.jpg,0
1456679463_0.jpg,1
1082641228_0.jpg,3
1003508348_0.jpg,4
1146407259_0.jpg,4
1348430141_0.jpg,3
1145434429_0.jpg,2
1306713468_0.jpg,7
1448215054_0.jpg,7
1021112941_0.jpg,3
1453703938_0.jpg,5
1049464640_0.jpg,6
1133705300_0.jpg,0
1159514745_0.jpg,1
1074413226_0.jpg,7
1211941171_0.jpg,4
1282162990_0.jpg,1
1036320550_0.jpg,5
1017498333_0.jpg,3
1127065727_0.jpg,3
1021112935_0.jpg,3
1097963660_0.jpg,4
1255570957_0.jpg,7
1111373773_0.jpg,1
1267915461_0.jpg,7
1034990941_0.jpg,6
1016478744_0.jpg,3
1035140848_0.jpg,7
1276725017_0.jpg,3
1132899433_0.jpg,4
1479567445_0.jpg,5
1176765780_0.jpg,7
1310289714_0.jpg,5
1333143728_0.jpg,3
1031353332_0.jpg,5
10099213189_0.jpg,3
1222753477_0.jpg,5
1337168640_0.jpg,3
1213522264_0.jpg,7
1226400182_0.jpg,0
1212509536_0.jpg,7
1242942426_0.jpg,7
1181169702_0.jpg,0
1034991425_0.jpg,7
1091255506_0.jpg,7
1317242883_0.jpg,3
1189435094_0.jpg,4
1132394217_0.jpg,4
1032598852_0.jpg,3
1338732006_0.jpg,7
1460878581_0.jpg,3
1273515725_0.jpg,2
1099278414_0.jpg,7
1287895037_0.jpg,3
1457768315_0.jpg,5
1476498175_0.jpg,5
1300013354_0.jpg,3
1226758865_0.jpg,3
1481226268_0.jpg,4
1309171925_0.jpg,3
1252098443_0.jpg,3
1047533651_0.jpg,7
1131171823_0.jpg,4
1176798867_0.jpg,0
1177151584_0.jpg,1
1275077053_0.jpg,7
1326945864_0.jpg,6
1141824731_0.jpg,5
1030257509_0.jpg,7
1036720762_0.jpg,2
1481365963_0.jpg,4
1036529558_0.jpg,7
1226898005_0.jpg,7
1088452582_0.jpg,1
1219373271_0.jpg,7
1317099934_0.jpg,5
1378796293_0.jpg,2
1035777081_0.jpg,7
1041646885_0.jpg,6
1186877785_0.jpg,6
1052315053_0.jpg,3
1231438322_0.jpg,3
1038705848_0.jpg,3
1307361420_0.jpg,7
1414787920_0.jpg,7
1474738737_0.jpg,5
1131065738_0.jpg,4
1336434846_0.jpg,5
1164830603_0.jpg,1
1159673115_0.jpg,1
1084831990_0.jpg,1
1233058409_0.jpg,3
1469771121_0.jpg,7
1079557673_0.jpg,1
1257033749_0.jpg,7
1483595409_0.jpg,6
1081074491_0.jpg,3
1136587968_0.jpg,5
1462275525_0.jpg,7
1187015569_0.jpg,7
1486833477_0.jpg,4
1421618760_0.jpg,7
1060198719_0.jpg,7
1398187352_0.jpg,7
1453715656_0.jpg,7
1218619625_0.jpg,3
1036137089_0.jpg,3
1338270482_0.jpg,3
1282825860_0.jpg,6
1324294325_0.jpg,3
1311398293_0.jpg,6
1142359115_0.jpg,2
1021998896_0.jpg,1
1464297942_0.jpg,5
1313923223_0.jpg,7
1473871593_0.jpg,3
1048101573_0.jpg,7
1180973422_0.jpg,1
1046492011_0.jpg,3
1480282782_0.jpg,4
1489425588_0.jpg,4
1076615611_0.jpg,7
1463015351_0.jpg,6
1023749247_0.jpg,5
1096915917_0.jpg,0
1022793128_0.jpg,7
1224532924_0.jpg,4
1227004053_0.jpg,7
1205472043_0.jpg,3
1445021670_0.jpg,5
1189530525_0.jpg,1
1327951600_0.jpg,6
1488863482_0.jpg,5
1205529192_0.jpg,4
1030417859_0.jpg,2
1429264532_0.jpg,5
1180711192_0.jpg,2
1371138545_0.jpg,3
1769903030_0.jpg,0
1314243406_0.jpg,2
1452966229_0.jpg,7
1034469079_0.jpg,7
1032202014_0.jpg,3
1313999751_0.jpg,2
1289197433_0.jpg,7
1037858945_0.jpg,7
1442392011_0.jpg,7
1682487713_0.jpg,5
1333641595_0.jpg,3
1391585830_0.jpg,5
1345986691_0.jpg,3
1383774178_0.jpg,7
1277180928_0.jpg,3
1032718369_0.jpg,0
1033452447_0.jpg,7
1295783154_0.jpg,6
1162400590_0.jpg,3
1030165987_0.jpg,0
1296217923_0.jpg,3
1415665835_0.jpg,7
1014977267_0.jpg,6
1100469182_0.jpg,3
1257969674_0.jpg,3
1082501629_0.jpg,1
1046697046_0.jpg,7
1079126180_0.jpg,5
1033238854_0.jpg,7
1034771207_0.jpg,7
1417842685_0.jpg,7
1116680109_0.jpg,3
1035580583_0.jpg,3
1424798098_0.jpg,5
1211708594_0.jpg,6
1178330836_0.jpg,3
1347798937_0.jpg,5
1145274137_0.jpg,4
1331491209_0.jpg,7
1267053969_0.jpg,3
1330478803_0.jpg,6
1488477160_0.jpg,4
1037117061_0.jpg,2
1478056580_0.jpg,0
1205768697_0.jpg,1
1474841650_0.jpg,4
1043115889_0.jpg,6
1100412836_0.jpg,5
1159796517_0.jpg,7
1436374571_0.jpg,7
1247184892_0.jpg,7
1038282579_0.jpg,3
1082705991_0.jpg,1
1338180342_0.jpg,7
1033347824_0.jpg,4
1005556720_0.jpg,0
1094368014_0.jpg,2
1256926253_0.jpg,3
1080188868_0.jpg,1
1188201254_0.jpg,4
1473032720_0.jpg,5
1809482974_0.jpg,3
1010587624_0.jpg,6
1213176862_0.jpg,7
1262194869_0.jpg,3
1176565566_0.jpg,5
1207683898_0.jpg,7
1223895503_0.jpg,2
1328362051_0.jpg,3
1231242862_0.jpg,7
1280907228_0.jpg,6
1037472119_0.jpg,7
1490806275_0.jpg,5
1308647715_0.jpg,7
1630568177_0.jpg,3
1046792344_0.jpg,3
1131369908_0.jpg,2
1121389285_0.jpg,1
1325625038_0.jpg,7
1126659681_0.jpg,4
1023880357_0.jpg,1
1087516397_0.jpg,0
1078043665_0.jpg,2
1266483520_0.jpg,7
1323091365_0.jpg,6
1329122826_0.jpg,2
1152108304_0.jpg,7
1208529784_0.jpg,7
1187047420_0.jpg,3
1090531139_0.jpg,7
1160721630_0.jpg,1
1476661020_0.jpg,7
1051405038_0.jpg,7
1041563244_0.jpg,7
1268028329_0.jpg,7
1479447624_0.jpg,4
1452045618_0.jpg,5
1244173864_0.jpg,5
1431680931_0.jpg,4
1176888412_0.jpg,1
1475348801_0.jpg,7
1015924447_0.jpg,1
1105763963_0.jpg,1
1255561953_0.jpg,3
1031682416_0.jpg,7
1668159244_0.jpg,5
1138882212_0.jpg,2
1034406739_0.jpg,4
1024917338_0.jpg,5
1157871397_0.jpg,1
1040947789_0.jpg,7
1481800579_0.jpg,5
1350217125_0.jpg,3
1257892573_0.jpg,2
1419123126_0.jpg,7
1451787988_0.jpg,0
1477058011_0.jpg,3
1432958195_0.jpg,5
1755530982_0.jpg,3
1031085561_0.jpg,7
1473536281_0.jpg,5
1031830733_0.jpg,7
1436197736_0.jpg,7
1289013572_0.jpg,7
1049829810_0.jpg,6
1416366046_0.jpg,7
1025958551_0.jpg,2
1310121823_0.jpg,5
1042366639_0.jpg,1
1185910796_0.jpg,2
1319294258_0.jpg,6
1241453567_0.jpg,7
1207166596_0.jpg,4
1079942078_0.jpg,3
1084404229_0.jpg,7
1430426033_0.jpg,7
1035700082_0.jpg,0
1050031033_0.jpg,3
1352483457_0.jpg,3
1041412928_0.jpg,3
1034632148_0.jpg,5
1303983186_0.jpg,7
1170225826_0.jpg,5
1488484584_0.jpg,4
1387277869_0.jpg,7
1124589846_0.jpg,4
1451301233_0.jpg,4
1209187264_0.jpg,0
1333464671_0.jpg,6
1251151531_0.jpg,7
1191774494_0.jpg,2
1272271076_0.jpg,6
1038250880_0.jpg,7
1442310038_0.jpg,7
1238170533_0.jpg,1
1075334187_0.jpg,0
1173475242_0.jpg,1
1488457007_0.jpg,4
1454422885_0.jpg,0
1479903605_0.jpg,4
1087843225_0.jpg,0
1112597201_0.jpg,5
1118786875_0.jpg,5
1028597765_0.jpg,7
1443367078_0.jpg,5
1241296531_0.jpg,7
1262512970_0.jpg,3
1482871019_0.jpg,4
1380897336_0.jpg,7
1213505872_0.jpg,5
1349292647_0.jpg,3
1311279615_0.jpg,6
1481009200_0.jpg,4
1032702115_0.jpg,7
1107961022_0.jpg,3
1100046052_0.jpg,1
1167135575_0.jpg,2
1440043669_0.jpg,7
1380453888_0.jpg,2
1314226698_0.jpg,3
1076197115_0.jpg,3
1241352398_0.jpg,6
1213618797_0.jpg,0
1435332383_0.jpg,5
1315080068_0.jpg,3
1022774727_0.jpg,1
1206723712_0.jpg,7
1488145799_0.jpg,5
1113167750_0.jpg,7
1036641645_0.jpg,3
1076264588_0.jpg,7
1128941770_0.jpg,1
1033358949_0.jpg,7
1232905179_0.jpg,7
1049308117_0.jpg,3
1274888437_0.jpg,5
1248053536_0.jpg,3
1308831744_0.jpg,4
1271927931_0.jpg,7
1234060578_0.jpg,2
1254160201_0.jpg,1
1314934324_0.jpg,5
1138275657_0.jpg,0
1248093209_0.jpg,4
1237856246_0.jpg,7
1444455307_0.jpg,3
1038577603_0.jpg,2
1479135871_0.jpg,4
1121410058_0.jpg,1
1433000332_0.jpg,7
1331056549_0.jpg,7
1495684311_0.jpg,5
1015845122_0.jpg,1
1219408410_0.jpg,7
1241304163_0.jpg,2
1262285951_0.jpg,2
1010859451_0.jpg,6
1352811729_0.jpg,7
1182352217_0.jpg,1
1124002609_0.jpg,1
1476435391_0.jpg,0
1034996540_0.jpg,7
1007913733_0.jpg,3
1315312880_0.jpg,2
1020338250_0.jpg,5
1016537791_0.jpg,6
1213048534_0.jpg,5
1086578466_0.jpg,3
1446411857_0.jpg,7
1479002322_0.jpg,5
1461411031_0.jpg,7
1311160287_0.jpg,7
1473241353_0.jpg,0
1166266116_0.jpg,4
1294697925_0.jpg,6
1008333728_0.jpg,3
1472410879_0.jpg,7
1273310944_0.jpg,6
1042454541_0.jpg,3
1123773742_0.jpg,5
1441968600_0.jpg,0
1096998462_0.jpg,3
1342656310_0.jpg,3
1229070952_0.jpg,7
1154341357_0.jpg,4
1319951030_0.jpg,3
1354987222_0.jpg,6
1212481354_0.jpg,7
1492126745_0.jpg,4
1002915935_0.jpg,7
1441014649_0.jpg,7
1078561157_0.jpg,7
1339801969_0.jpg,3
1196582718_0.jpg,1
1300632245_0.jpg,6
1310185662_0.jpg,3
1289136281_0.jpg,2
1479461799_0.jpg,1
1219373948_0.jpg,5
1025647707_0.jpg,3
1054296748_0.jpg,6
1102891748_0.jpg,5
1262096908_0.jpg,7
1362177159_0.jpg,3
1014861484_0.jpg,7
1454333521_0.jpg,7
1334633309_0.jpg,7
1079082710_0.jpg,7
1268711021_0.jpg,3
1019491802_0.jpg,1
1086132683_0.jpg,1
1025668952_0.jpg,2
1142592075_0.jpg,1
1301554729_0.jpg,7
1235756226_0.jpg,7
1309148527_0.jpg,0
1031592459_0.jpg,5
1264898279_0.jpg,7
1035257986_0.jpg,6
1051869242_0.jpg,6
1102202634_0.jpg,7
1389154735_0.jpg,2
1111478058_0.jpg,1
1330906089_0.jpg,6
1074352511_0.jpg,0
10004777510_0.jpg,0
1033136760_0.jpg,7
1113885529_0.jpg,3
1286542247_0.jpg,7
1472888317_0.jpg,0
1446686939_0.jpg,3
1396764463_0.jpg,2
1241459288_0.jpg,3
1034390414_0.jpg,7
1144724093_0.jpg,1
1091617970_0.jpg,2
1136311818_0.jpg,1
1482851308_0.jpg,5
1032170064_0.jpg,7
1159734469_0.jpg,5
1464288679_0.jpg,4
1065839214_0.jpg,2
1031250715_0.jpg,7
1026348533_0.jpg,0
1217219223_0.jpg,5
1050329126_0.jpg,6
1091302340_0.jpg,7
1295396165_0.jpg,3
1296670294_0.jpg,2
1025846393_0.jpg,4
1193413804_0.jpg,1
1769894315_0.jpg,0
1034429786_0.jpg,4
1068695847_2.jpg,5
1212509540_0.jpg,7
1402551893_0.jpg,3
1146908145_0.jpg,4
1407897557_0.jpg,7
1084827457_0.jpg,1
1356344881_0.jpg,2
1212577700_0.jpg,6
1235010789_0.jpg,7
1330830533_0.jpg,2
1102932260_0.jpg,1
1180015340_0.jpg,3
1122782867_0.jpg,1
1398856835_0.jpg,1
1293995761_0.jpg,6
1102594989_0.jpg,4
1434622142_0.jpg,7
1032670737_0.jpg,1
1048761051_0.jpg,7
1340586733_0.jpg,3
1428871458_0.jpg,7
1473413509_0.jpg,4
1279494073_0.jpg,0
1306749600_0.jpg,5
1133828139_0.jpg,0
1494552935_0.jpg,1
1468829915_0.jpg,7
1104831619_0.jpg,1
1119152920_0.jpg,0
1326330632_0.jpg,3
1096098076_0.jpg,4
1424019359_0.jpg,5
1429577034_0.jpg,7
1093663476_0.jpg,2
1006632641_1.jpg,3
1427617885_0.jpg,7
1384809653_0.jpg,3
1238688708_0.jpg,7
1011050875_0.jpg,6
1481278879_0.jpg,4
1024475646_0.jpg,7
1499010044_0.jpg,5
1467783260_0.jpg,7
1474082651_0.jpg,5
1750510276_0.jpg,2
1197403948_0.jpg,5
1324895517_0.jpg,6
1043488925_0.jpg,6
1172671925_0.jpg,0
1192678420_0.jpg,4
1100212869_0.jpg,1
1201312114_0.jpg,2
1065004267_0.jpg,7
1079126184_0.jpg,5
1113776865_0.jpg,1
1329230950_0.jpg,7
1312160979_0.jpg,3
1467014274_0.jpg,5
1019904452_0.jpg,4
1034427732_0.jpg,3
1094349209_0.jpg,1
1479251239_0.jpg,4
1201303773_0.jpg,2
1033864573_0.jpg,7
1330827792_0.jpg,2
1284257329_0.jpg,3
1242931646_0.jpg,7
1332234150_0.jpg,6
1335938922_0.jpg,3
1273945151_0.jpg,4
1304419761_0.jpg,3
10106604539_0.jpg,0
1446862261_0.jpg,7
1474148406_0.jpg,0
1362703806_0.jpg,7
1113679954_0.jpg,7
1088145349_0.jpg,7
1031940288_0.jpg,5
1230453036_0.jpg,7
1305093481_0.jpg,2
1187285048_0.jpg,4
1238198829_0.jpg,2
1338099657_0.jpg,1
1263868401_0.jpg,6
1315327826_0.jpg,2
1497528388_0.jpg,5
1200348565_0.jpg,2
1096749211_0.jpg,0
1015867510_0.jpg,4
1306346000_0.jpg,2
1076063253_0.jpg,1
1255769012_0.jpg,6
1400019008_0.jpg,2
1026264068_0.jpg,2
1375101074_0.jpg,5
1033802206_0.jpg,7
1212541016_0.jpg,2
1218303001_0.jpg,7
1212536850_0.jpg,0
1424703432_0.jpg,3
1314398548_0.jpg,2
1232304333_0.jpg,7
1033728024_0.jpg,3
1114032754_0.jpg,2
1153489465_0.jpg,7
1384968653_0.jpg,7
1452781803_0.jpg,0
1298566264_0.jpg,0
1304005428_0.jpg,5
1368320654_0.jpg,7
1312478061_0.jpg,6
1022477983_0.jpg,1
1165001737_0.jpg,4
1226338606_0.jpg,3
1029014607_0.jpg,5
1108991083_0.jpg,5
1038678003_0.jpg,3
1243526596_0.jpg,2
1337340300_0.jpg,2
1098277666_0.jpg,7
1072480618_0.jpg,3
1481210780_0.jpg,4
1026720653_0.jpg,7
1369411978_0.jpg,2
1145668759_0.jpg,2
1455688076_0.jpg,0
1096828872_0.jpg,1
1485440661_0.jpg,3
1086784245_0.jpg,0
1453594959_0.jpg,7
1473544140_0.jpg,7
1192678415_0.jpg,4
1067658705_0.jpg,2
1044948135_0.jpg,7
1097788117_0.jpg,1
1219050626_0.jpg,5
1034771390_0.jpg,5
1491430211_0.jpg,5
1003142321_0.jpg,0
1016300817_0.jpg,7
1033068233_0.jpg,7
1448262271_0.jpg,5
1095652089_0.jpg,4
1352888767_0.jpg,7
1031586645_0.jpg,3
1073604949_0.jpg,7
1050007661_0.jpg,7
1305997962_0.jpg,2
1300729893_0.jpg,6
1546483130_0.jpg,5
1055917820_0.jpg,7
1287799000_0.jpg,3
1458670185_0.jpg,7
1007824741_0.jpg,7
1036928929_0.jpg,5
1062633559_0.jpg,3
1370925514_0.jpg,7
1227787437_0.jpg,2
1469978830_0.jpg,5
1068590238_0.jpg,0
1195440466_0.jpg,6
1387974348_0.jpg,3
1239324270_0.jpg,5
1485160054_0.jpg,4
1238011812_0.jpg,7
1395089929_0.jpg,6
1376778552_0.jpg,7
1467617316_0.jpg,2
1051763546_0.jpg,6
1490698119_0.jpg,5
1154476562_0.jpg,1
1360143267_0.jpg,3
1268973569_0.jpg,3
1289028053_0.jpg,7
1289158838_0.jpg,7
1475738968_0.jpg,7
1437878299_0.jpg,7
1231674416_0.jpg,7
1495772415_0.jpg,4
1359086909_0.jpg,3
1399481866_0.jpg,2
1419408749_0.jpg,7
1414030370_0.jpg,7
1431889283_0.jpg,7
1430531603_0.jpg,3
1477763389_0.jpg,1
1305337701_0.jpg,7
1354709016_0.jpg,5
1125546341_0.jpg,1
1473745110_0.jpg,7
1180406993_0.jpg,0
1015722495_0.jpg,3
1087435812_0.jpg,7
1076500835_0.jpg,7
1481971910_0.jpg,4
1370720304_0.jpg,3
1188327613_0.jpg,0
1177151579_0.jpg,1
1388600706_0.jpg,7
1104925445_0.jpg,4
1116740260_0.jpg,7
10112267527_0.jpg,3
1023881371_0.jpg,4
1475457876_0.jpg,4
1115536300_0.jpg,1
1207102176_0.jpg,4
1431052435_0.jpg,7
1221956297_0.jpg,5
1320884211_0.jpg,3
1293905541_0.jpg,3
1105078213_0.jpg,1
1244289845_0.jpg,7
1470548443_0.jpg,7
1053199887_0.jpg,6
1240216707_0.jpg,7
1257467569_0.jpg,7
1033001027_0.jpg,2
1103353853_0.jpg,7
1481009184_0.jpg,4
1279166184_0.jpg,3
1196634042_0.jpg,2
1174580842_0.jpg,4
1263346465_0.jpg,7
1038485943_0.jpg,7
1316619188_0.jpg,6
1241404110_0.jpg,7
1328358902_0.jpg,5
1281337853_0.jpg,3
1321323240_0.jpg,3
1154331613_0.jpg,7
1396618938_0.jpg,7
1480661334_0.jpg,4
1226426009_0.jpg,7
1205505823_0.jpg,5
1161912601_0.jpg,2
1539833904_0.jpg,1
1809564818_0.jpg,5
1182031432_0.jpg,2
1242927824_0.jpg,7
1095639801_0.jpg,7
1131524798_0.jpg,6
1491129908_0.jpg,4
1084530858_0.jpg,7
1470407414_0.jpg,0
1330526512_0.jpg,3
1235471636_0.jpg,5
1473558837_0.jpg,1
1199339645_0.jpg,2
1064677638_0.jpg,1
1016312948_0.jpg,3
1476012005_0.jpg,7
1411968108_0.jpg,7
1106733859_0.jpg,7
1166568212_0.jpg,1
1499352376_0.jpg,5
1481319933_0.jpg,1
1088700964_0.jpg,7
1461106938_0.jpg,3
1315101993_0.jpg,3
1227631742_0.jpg,4
1102484934_0.jpg,4
1119965951_0.jpg,3
1356485985_0.jpg,3
1493249836_0.jpg,5
1451469172_0.jpg,7
1052406511_0.jpg,3
1483837845_0.jpg,4
1192693186_0.jpg,5
1094023507_0.jpg,4
1471085091_0.jpg,7
1157243771_0.jpg,1
1030656356_0.jpg,7
1105924913_0.jpg,1
1255558611_0.jpg,7
1487867312_0.jpg,4
1478107722_0.jpg,3
1255920026_0.jpg,7
1076852413_0.jpg,7
1275657195_0.jpg,1
1116734736_0.jpg,7
1240127979_0.jpg,7
1248504586_0.jpg,4
1185156082_0.jpg,4
1045326356_0.jpg,3
1462037779_0.jpg,5
1493648606_0.jpg,4
1769900690_0.jpg,0
1717667575_0.jpg,5
1225409324_0.jpg,6
1187408616_0.jpg,2
1248188218_0.jpg,1
10007134868_0.jpg,0
1032593245_0.jpg,7
1480409700_0.jpg,4
1314832606_0.jpg,3
1141849897_0.jpg,3
1024823508_0.jpg,1
1237662931_0.jpg,7
1301685607_0.jpg,7
1036781610_0.jpg,3
1477876636_0.jpg,4
1240405195_0.jpg,7
1035303622_0.jpg,3
1007913659_0.jpg,7
1240970096_0.jpg,3
1139035281_0.jpg,1
1087435809_0.jpg,7
1022611746_0.jpg,7
1033001023_0.jpg,2
1489804486_0.jpg,4
1497368373_0.jpg,4
1031656073_0.jpg,7
1326902574_0.jpg,6
1475092379_0.jpg,4
1076440984_0.jpg,1
1173360480_0.jpg,1
1032902098_0.jpg,7
1122616772_0.jpg,1
1472741223_0.jpg,5
1237126495_0.jpg,7
1297365070_0.jpg,7
1131733806_0.jpg,4
1187408612_0.jpg,2
1107419340_0.jpg,4
1160702454_0.jpg,7
1095830238_0.jpg,1
1246474796_0.jpg,7
1212532518_0.jpg,5
1162486625_0.jpg,1
1091605642_0.jpg,7
1309181106_0.jpg,2
1113811031_0.jpg,1
1099429532_0.jpg,3
1315367815_0.jpg,7
1076111062_0.jpg,5
1458827256_0.jpg,6
1279166757_0.jpg,4
1242726926_0.jpg,7
1310356820_0.jpg,3
1315713981_0.jpg,2
1235275669_0.jpg,2
1190892145_0.jpg,5
1304149276_0.jpg,7
1072770070_0.jpg,6
1490333868_0.jpg,3
1212785515_0.jpg,4
1111311074_0.jpg,1
1024223650_0.jpg,1
1460295060_0.jpg,7
1044239309_0.jpg,7
1264943664_0.jpg,3
1242879230_0.jpg,2
1471451912_0.jpg,4
1029165829_0.jpg,7
1020564694_0.jpg,7
1483172892_0.jpg,7
1216011195_0.jpg,7
1014861485_0.jpg,7
1117510147_0.jpg,7
1473894788_0.jpg,4
1004206880_2.jpg,1
1076621820_0.jpg,3
1490413699_0.jpg,5
1242619829_0.jpg,7
1406693184_0.jpg,7
1291671917_0.jpg,3
1116768534_0.jpg,1
1064184357_0.jpg,4
1018867400_0.jpg,1
1021087747_2.jpg,7
1144651307_0.jpg,1
1478215758_0.jpg,7
1007951852_0.jpg,2
1453085641_0.jpg,4
1392340729_0.jpg,7
1266719387_0.jpg,6
1454883711_0.jpg,7
1018209500_0.jpg,3
1077093132_0.jpg,4
10074271836_0.jpg,7
1434729650_0.jpg,7
1471086308_0.jpg,0
1473896155_0.jpg,4
1034671923_0.jpg,7
1444241011_0.jpg,7
1102652158_0.jpg,7
1478898043_0.jpg,0
1307515932_0.jpg,7
1313681786_0.jpg,3
1211502624_0.jpg,3
1036627767_0.jpg,3
1075154772_0.jpg,6
1167034175_0.jpg,0
1397265144_0.jpg,7
1141619987_0.jpg,2
1012711364_0.jpg,7
1207928421_0.jpg,7
1243856540_0.jpg,7
1299277666_0.jpg,7
1220851437_0.jpg,5
1207928413_0.jpg,5
1012352656_0.jpg,7
1150409162_0.jpg,0
1310275489_0.jpg,6
1040745261_0.jpg,7
1213777580_0.jpg,7
1003682304_0.jpg,1
1034444809_0.jpg,7
1279950786_0.jpg,0
1125943427_0.jpg,2
1375592742_0.jpg,7
1427284747_0.jpg,4
1222742895_0.jpg,3
1248517621_0.jpg,7
10112352330_0.jpg,7
1021112938_0.jpg,5
1267576533_0.jpg,0
1245237422_0.jpg,7
1455306765_0.jpg,5
1016504505_0.jpg,3
1015890681_0.jpg,0
1025400440_0.jpg,7
1257086053_0.jpg,7
1057432658_0.jpg,3
1321579593_0.jpg,6
1021753225_0.jpg,4
1155330132_0.jpg,1
1416415551_0.jpg,5
1484633024_0.jpg,1
1022696162_0.jpg,4
1018141430_0.jpg,5
1033707309_0.jpg,7
1324494639_0.jpg,3
1324878494_0.jpg,7
1184502804_0.jpg,1
1289075267_0.jpg,6
1485143516_0.jpg,4
1033195317_0.jpg,6
1078640670_0.jpg,3
1076395063_0.jpg,0
1254024582_0.jpg,3
1022380439_0.jpg,1
1309153257_0.jpg,2
1038580092_0.jpg,5
1469567645_0.jpg,3
1324784588_0.jpg,0
1298890319_0.jpg,3
1274929621_0.jpg,3
1300423644_0.jpg,7
1117547976_0.jpg,1
1257892578_0.jpg,2
1315262067_0.jpg,3
1095830246_0.jpg,1
1481354583_0.jpg,4
1172051736_0.jpg,0
1063155730_0.jpg,6
1279591677_0.jpg,7
1097163386_0.jpg,3
1218421663_0.jpg,5
1224131087_0.jpg,3
1050949883_0.jpg,3
1221977944_0.jpg,7
1126711651_0.jpg,5
1240363924_0.jpg,3
1385818063_0.jpg,2
1307968858_0.jpg,3
1100872395_0.jpg,1
1762158041_0.jpg,3
1159031329_0.jpg,1
1245634298_0.jpg,7
1469925973_0.jpg,5
1394783311_0.jpg,7
1309646349_0.jpg,6
1250081976_0.jpg,0
1070425257_0.jpg,2
1476840440_0.jpg,5
1076267313_0.jpg,7
1004283948_0.jpg,1
1439052735_0.jpg,7
1612454038_0.jpg,1
1119458506_0.jpg,1
10059408323_0.jpg,3
1210746915_0.jpg,7
1095338181_0.jpg,5
1180850965_0.jpg,7
1149344876_0.jpg,4
1484577530_0.jpg,0
1316423627_0.jpg,7
1020571568_0.jpg,1
1484833092_0.jpg,5
1481000839_0.jpg,4
1346040578_0.jpg,6
1151954088_0.jpg,1
1416088918_0.jpg,7
1305823436_0.jpg,5
1488625246_0.jpg,5
1213460991_0.jpg,3
1007983970_0.jpg,3
1185178133_0.jpg,5
1716310764_0.jpg,3
1283394456_0.jpg,7
1271435122_0.jpg,3
1239675575_0.jpg,3
1035344313_0.jpg,4
1247294234_0.jpg,6
1294658488_0.jpg,3
1166779527_0.jpg,1
1357503896_0.jpg,5
1488584722_0.jpg,4
1310234274_0.jpg,4
1398097365_0.jpg,6
1049583632_0.jpg,3
1484954099_0.jpg,4
1327151242_0.jpg,6
1040947774_0.jpg,7
1096173108_0.jpg,5
1091446135_0.jpg,6
1073989778_0.jpg,5
1129840909_0.jpg,4
1421215461_0.jpg,7
1465382482_0.jpg,0
1467461702_0.jpg,7
1464357666_0.jpg,0
1030043653_0.jpg,7
1219366959_0.jpg,7
1338765990_0.jpg,3
1204566478_0.jpg,4
1024719981_0.jpg,2
1142575986_0.jpg,4
1305993689_0.jpg,2
1383926724_0.jpg,5
1202979477_0.jpg,5
1472802016_0.jpg,4
1019159726_0.jpg,1
1038088278_0.jpg,7
1121369347_0.jpg,1
1288881459_0.jpg,6
1439728814_0.jpg,5
1474199505_0.jpg,5
1220181402_0.jpg,3
1129101891_0.jpg,2
1306158597_0.jpg,5
1447845041_0.jpg,4
1305564036_0.jpg,7
1280906762_0.jpg,7
1308792175_0.jpg,6
1079516647_0.jpg,7
1224913764_0.jpg,5
1096183093_0.jpg,7
1059828086_0.jpg,6
1210394002_0.jpg,3
1371439835_0.jpg,2
1158942229_0.jpg,1
1037348832_0.jpg,5
1032741831_0.jpg,2
1219707313_0.jpg,4
1029049150_0.jpg,3
1320844488_0.jpg,7
1236305939_0.jpg,6
1014682172_0.jpg,3
10097079742_0.jpg,0
1149819802_0.jpg,4
1156968703_0.jpg,2
1433864159_0.jpg,7
1162662040_0.jpg,1
1079867404_0.jpg,7
1036070391_0.jpg,3
1048631512_0.jpg,7
1111826850_0.jpg,2
1434033663_0.jpg,5
1036705558_0.jpg,7
1365958673_0.jpg,5
1012695691_0.jpg,3
1172603969_0.jpg,3
1108023725_0.jpg,2
1480303142_0.jpg,4
1278241357_0.jpg,5
1315708258_0.jpg,2
1408147727_0.jpg,3
1026300969_0.jpg,1
1102222634_0.jpg,1
1025322230_0.jpg,7
1129462816_0.jpg,1
1030953045_0.jpg,7
1373366621_0.jpg,2
1080188865_0.jpg,7
1042983352_0.jpg,3
1090624342_0.jpg,7
1355201783_0.jpg,6
1049027610_0.jpg,6
1134742024_0.jpg,4
1243382914_0.jpg,3
1464360234_0.jpg,0
1282901053_0.jpg,6
1463032761_0.jpg,6
1324278342_0.jpg,7
1116747459_0.jpg,1
1036781618_0.jpg,3
1278147385_0.jpg,6
1252093518_0.jpg,3
1315338576_0.jpg,2
1093644661_0.jpg,4
1162177231_0.jpg,4
1114153622_0.jpg,1
1084530852_0.jpg,0
1478833049_0.jpg,4
1037405367_0.jpg,0
1014909236_0.jpg,7
1120551851_0.jpg,7
1060991290_0.jpg,6
1141811683_0.jpg,4
1042447391_0.jpg,3
1201300539_0.jpg,2
1273177071_0.jpg,5
1222753476_0.jpg,5
1104362853_0.jpg,7
1012637097_0.jpg,6
1235102331_0.jpg,0
1490606837_0.jpg,4
1033748858_0.jpg,7
1434510097_0.jpg,7
1546228788_0.jpg,5
1388011617_0.jpg,7
1091309585_0.jpg,7
1113679969_0.jpg,7
10079832080_0.jpg,5
1030950367_0.jpg,3
1020418825_0.jpg,5
1243005281_0.jpg,3
1411174248_0.jpg,7
1437041396_0.jpg,7
1012025038_0.jpg,7
1033727044_0.jpg,0
1295166162_0.jpg,3
1048592038_0.jpg,6
1431707570_0.jpg,5
1473010875_0.jpg,7
1746925798_0.jpg,7
1079516643_0.jpg,7
1084230338_0.jpg,0
1384264787_0.jpg,2
1044940406_0.jpg,7
1004750259_0.jpg,1
1219096922_0.jpg,7
1293665666_0.jpg,3
1456879140_0.jpg,5
1299906127_0.jpg,7
1462357730_0.jpg,5
1244620724_0.jpg,7
1004312704_0.jpg,3
1264603468_0.jpg,7
1312452987_0.jpg,3
1480420935_0.jpg,5
1251669052_0.jpg,2
1086704774_0.jpg,1
1241135543_0.jpg,7
1028437713_0.jpg,3
1026250670_0.jpg,7
1024475647_0.jpg,1
1443594710_0.jpg,7
1049552981_0.jpg,7
1368302115_0.jpg,3
1218518884_0.jpg,7
1311759100_0.jpg,3
1113807472_0.jpg,1
1310048093_0.jpg,7
1491227157_0.jpg,1
1241161969_0.jpg,7
1027208378_0.jpg,7
1255509274_0.jpg,3
1036722675_0.jpg,6
1179176842_0.jpg,7
1461484771_0.jpg,7
1229962995_0.jpg,7
1032824109_0.jpg,7
1045628214_0.jpg,6
1345085952_0.jpg,3
1168853337_0.jpg,1
1003539895_0.jpg,3
1475819206_0.jpg,3
1484843074_0.jpg,5
1259827745_0.jpg,6
1329823405_0.jpg,7
1141813093_0.jpg,5
1329585691_0.jpg,6
1029055548_0.jpg,5
1158974618_0.jpg,7
1059923960_0.jpg,0
1255688023_0.jpg,3
1060421070_0.jpg,5
1476078954_0.jpg,1
1271161153_0.jpg,6
1076649670_0.jpg,7
1032405483_0.jpg,7
1411573346_0.jpg,7
1037357437_0.jpg,5
1007663215_0.jpg,7
1246543717_0.jpg,1
1359549493_0.jpg,3
1287457802_0.jpg,6
1293772945_0.jpg,2
1295214062_0.jpg,7
1034697702_0.jpg,5
1058269789_0.jpg,6
1365963847_0.jpg,3
1120198948_0.jpg,2
1486137284_0.jpg,5
1311527894_0.jpg,3
1242762107_0.jpg,1
1257613927_0.jpg,3
1339279532_0.jpg,3
1324553501_0.jpg,6
1134344918_0.jpg,0
1468834567_0.jpg,7
1021481452_0.jpg,5
1240956847_0.jpg,7
1449134328_0.jpg,7
1305612568_0.jpg,7
1034456998_0.jpg,5
1087486622_0.jpg,0
1154401843_0.jpg,3
1129370813_0.jpg,1
1129227138_0.jpg,1
1171408550_0.jpg,3
1087517309_0.jpg,7
1707561726_0.jpg,3
1034447311_0.jpg,3
1251612710_0.jpg,2
1022671373_0.jpg,1
1212742009_0.jpg,3
1748633660_0.jpg,5
1267958889_0.jpg,3
1064132587_0.jpg,7
1012152784_0.jpg,7
1279170590_0.jpg,6
1091581387_0.jpg,4
1311522788_0.jpg,6
1003547725_0.jpg,4
1422098126_0.jpg,3
1034612080_0.jpg,7
1080525465_0.jpg,7
1126771122_0.jpg,2
1310096111_0.jpg,2
1059867297_0.jpg,3
1161240451_0.jpg,6
1095652094_0.jpg,4
1035881664_0.jpg,7
1369745499_0.jpg,7
1037907093_0.jpg,3
1399548855_0.jpg,7
1337763364_0.jpg,7
1196799114_0.jpg,2
1034418147_0.jpg,6
1467654067_0.jpg,5
1303706241_0.jpg,7
1489565201_0.jpg,4
1137609113_0.jpg,5
1048839188_0.jpg,6
1311704544_0.jpg,7
1327557364_0.jpg,3
1289103669_0.jpg,7
1227679819_0.jpg,7
1383316976_0.jpg,2
1383317550_0.jpg,2
1078120941_0.jpg,4
1180600109_0.jpg,5
1271927935_0.jpg,3
1381529351_0.jpg,3
1277027602_0.jpg,3
1434439451_0.jpg,7
1769923276_0.jpg,0
1485436905_0.jpg,1
1378101125_0.jpg,5
1241094428_0.jpg,7
1038032234_0.jpg,7
1327545050_0.jpg,7
1464306731_0.jpg,5
1247774806_0.jpg,7
1307100171_0.jpg,3
1283793289_0.jpg,7
1373382606_0.jpg,7
1364645331_0.jpg,7
1458830457_0.jpg,5
1160429600_0.jpg,7
1099157649_0.jpg,7
1233223968_0.jpg,3
1490440263_0.jpg,4
1258635358_0.jpg,7
1481448410_0.jpg,0
1482292533_0.jpg,3
1006919099_0.jpg,3
1320650807_0.jpg,6
1030473349_0.jpg,6
1336404135_0.jpg,2
1014022248_0.jpg,6
1015873803_0.jpg,7
1480715672_0.jpg,4
1097062063_0.jpg,3
1295121407_0.jpg,6
1400023772_0.jpg,2
1171761225_0.jpg,3
1731270077_0.jpg,3
1013091888_0.jpg,3
1144845973_0.jpg,4
1079728742_0.jpg,0
1014861486_0.jpg,7
1303793275_0.jpg,3
1035168323_0.jpg,3
1090807949_0.jpg,3
1127410108_0.jpg,1
1424340426_0.jpg,7
1091549240_0.jpg,1
1092501572_0.jpg,7
1030656711_0.jpg,7
1109367446_0.jpg,7
1257584385_0.jpg,7
1477343136_0.jpg,4
1397685276_0.jpg,7
1328491708_0.jpg,7
1264151332_0.jpg,7
1037469940_0.jpg,5
1130246228_0.jpg,0
1149573284_0.jpg,7
1035616387_0.jpg,3
1141868126_0.jpg,1
1314739899_0.jpg,6
1281383786_0.jpg,2
1267162703_0.jpg,6
1483860698_0.jpg,0
1018373103_0.jpg,1
1426606836_0.jpg,7
1032065460_0.jpg,3
1090631776_0.jpg,7
1171715115_0.jpg,4
1237225775_0.jpg,3
1216339779_0.jpg,0
1187553400_0.jpg,0
1249617373_0.jpg,3
1157797116_0.jpg,1
10112167345_0.jpg,7
1160942467_0.jpg,7
1213045142_0.jpg,5
1125929105_0.jpg,2
1462358304_0.jpg,1
1136249865_0.jpg,7
1498182199_0.jpg,0
1253029202_0.jpg,2
1162461156_0.jpg,4
1162610524_0.jpg,0
1034704011_0.jpg,5
1252098440_0.jpg,7
1110553910_0.jpg,4
1185280181_0.jpg,2
1219376159_0.jpg,7
1048838953_0.jpg,5
1315118680_0.jpg,6
1209548614_0.jpg,2
1108308710_0.jpg,4
1167506333_0.jpg,1
1043204096_0.jpg,6
1057261057_0.jpg,3
1463764860_0.jpg,3
1113679964_0.jpg,7
1037552224_0.jpg,7
1242669994_0.jpg,7
1224822846_0.jpg,6
1481072699_0.jpg,2
1273634435_0.jpg,5
1339664083_0.jpg,7
1214274838_0.jpg,7
1302695851_0.jpg,3
1212509794_0.jpg,5
1033230644_0.jpg,7
1420338233_0.jpg,7
1021015274_0.jpg,3
1394493939_0.jpg,7
1149108647_0.jpg,0
1233158571_0.jpg,3
1049829028_0.jpg,5
1276670703_0.jpg,5
1040551236_0.jpg,6
1242657607_0.jpg,0
1033818114_0.jpg,3
1033856299_0.jpg,3
1263987975_0.jpg,3
1467783256_0.jpg,0
1392702518_0.jpg,7
1003351719_0.jpg,4
1448273937_0.jpg,1
1065001478_0.jpg,7
1341263759_0.jpg,6
1165887627_0.jpg,5
1474745656_0.jpg,5
1409496238_0.jpg,7
1374930378_0.jpg,7
1247729205_0.jpg,2
1011633137_0.jpg,2
1066819574_0.jpg,3
1123968802_0.jpg,5
1210403818_0.jpg,7
1306342219_0.jpg,6
1033555265_0.jpg,3
1007651822_0.jpg,5
1008333731_0.jpg,7
1080745143_0.jpg,0
1135730098_0.jpg,2
1450524156_0.jpg,5
1032896216_0.jpg,6
1048183605_0.jpg,5
1165146383_0.jpg,2
1013431743_0.jpg,5
1304149598_0.jpg,3
1025324595_0.jpg,2
1030774756_0.jpg,7
1477933172_0.jpg,7
1025826487_0.jpg,3
1391073690_0.jpg,3
1096074985_0.jpg,4
1115097424_0.jpg,1
1222806855_0.jpg,6
1478743961_0.jpg,7
1293850936_0.jpg,6
1105499737_0.jpg,1
1235244185_0.jpg,7
1220851461_0.jpg,5
1400022582_0.jpg,2
1242794556_0.jpg,7
1489611441_0.jpg,4
1481796651_0.jpg,4
1074173291_0.jpg,1
1298409877_0.jpg,7
1213281013_0.jpg,2
1036664179_0.jpg,3
1345272060_0.jpg,3
1400425647_0.jpg,7
1179154470_0.jpg,4
1477641718_0.jpg,5
1361754220_0.jpg,3
1220264792_0.jpg,7
1320619607_0.jpg,6
1195670597_0.jpg,0
1185249468_0.jpg,5
1447896467_0.jpg,7
1065011996_0.jpg,7
1105499741_0.jpg,1
1185512429_0.jpg,1
1019249445_0.jpg,0
1495466761_0.jpg,5
1360177965_0.jpg,3
1232423536_0.jpg,2
1252617992_0.jpg,6
1253940492_0.jpg,7
1017815428_0.jpg,7
1142793032_0.jpg,2
1208413135_0.jpg,7
1237965950_0.jpg,5
1093986252_0.jpg,3
1376968171_0.jpg,7
1152187265_0.jpg,1
1435035000_0.jpg,5
1354561871_0.jpg,2
1323848307_0.jpg,3
1592200757_0.jpg,5
1344766471_0.jpg,7
1034658869_0.jpg,7
1076106922_0.jpg,7
1115474152_0.jpg,1
1024991788_0.jpg,1
1249476007_0.jpg,7
1231322198_0.jpg,0
1318177230_0.jpg,7
1367787986_0.jpg,3
1445890492_0.jpg,7
1378442218_0.jpg,6
1086132679_0.jpg,1
1357414290_0.jpg,4
1247743760_0.jpg,3
1172776123_0.jpg,1
1339124076_0.jpg,3
1126924340_0.jpg,4
1036675386_0.jpg,7
1207995157_0.jpg,0
1307153880_0.jpg,6
1360989964_0.jpg,2
1396771027_0.jpg,6
1073989784_0.jpg,7
1118624895_0.jpg,0
1432996771_0.jpg,4
1196888647_0.jpg,2
1032593237_0.jpg,1
1030804515_0.jpg,3
1298463113_0.jpg,7
1318882328_0.jpg,6
1032865073_0.jpg,7
1018272574_0.jpg,1
1219362593_0.jpg,7
1033419203_0.jpg,1
1035615075_0.jpg,7
1032795050_0.jpg,5
1482313247_0.jpg,7
1282515091_0.jpg,7
1455211383_0.jpg,5
1030853772_0.jpg,7
1026682649_0.jpg,1
1125553592_0.jpg,1
1653665754_0.jpg,5
1078434608_0.jpg,3
1481227762_0.jpg,7
1494829706_0.jpg,4
1450532019_0.jpg,7
1132394218_0.jpg,4
1033019470_0.jpg,7
1128486164_0.jpg,1
1262423816_0.jpg,3
1004344987_0.jpg,3
1033865525_0.jpg,4
1126095952_0.jpg,5
1208923477_0.jpg,7
1219370824_0.jpg,5
1022435680_0.jpg,5
1007963556_0.jpg,6
1480201026_0.jpg,4
1460883693_0.jpg,5
1438716650_0.jpg,7
1229959302_0.jpg,7
1310170380_0.jpg,6
1480444612_0.jpg,4
1028423132_0.jpg,7
1310693105_0.jpg,5
1219355460_0.jpg,5
1100353029_0.jpg,2
1475939490_0.jpg,1
1458677175_0.jpg,7
1010988739_0.jpg,7
1118461101_0.jpg,1
1355687006_0.jpg,3
1026340568_0.jpg,3
1459227480_0.jpg,7
1140003616_0.jpg,4
1270523011_0.jpg,3
1032512373_0.jpg,5
1491436546_0.jpg,0
1076450764_0.jpg,7
1195521935_0.jpg,4
1218962753_0.jpg,7
1478374130_0.jpg,2
1032907816_0.jpg,6
1466919362_0.jpg,5
1375323418_0.jpg,2
1298481375_0.jpg,6
1311294775_0.jpg,6
1431707580_0.jpg,5
1346218611_0.jpg,3
1308755846_0.jpg,6
1262684570_0.jpg,6
1053993709_0.jpg,0
1470787335_0.jpg,7
1145429528_0.jpg,5
1154439565_0.jpg,4
1014909240_0.jpg,7
1167778295_0.jpg,7
1373016727_0.jpg,7
1028568797_0.jpg,1
1313446199_0.jpg,3
1474112720_0.jpg,5
1066819447_0.jpg,6
1481053392_0.jpg,4
1025892911_0.jpg,1
1273827247_0.jpg,3
1304920243_0.jpg,2
1121091641_1.jpg,2
1332421487_0.jpg,3
1084487785_0.jpg,0
1235102335_0.jpg,3
1354257021_0.jpg,3
1468146781_0.jpg,0
1460656488_0.jpg,0
1027645131_0.jpg,7
1186401356_0.jpg,7
1119108209_0.jpg,1
1476425430_0.jpg,3
1481917095_0.jpg,5
1034515418_0.jpg,7
1276887379_0.jpg,6
1033167901_0.jpg,6
1158193292_0.jpg,1
1152480538_0.jpg,3
1435237241_0.jpg,5
1212746673_0.jpg,7
1407897561_0.jpg,7
1306043856_0.jpg,1
1170398795_0.jpg,3
1190016327_0.jpg,3
1155313641_0.jpg,0
1425069951_0.jpg,7
1012179166_0.jpg,6
1166779528_0.jpg,0
1032784577_0.jpg,3
1106545959_0.jpg,3
1257194665_0.jpg,5
1112597197_0.jpg,5
1114244389_0.jpg,3
1211821708_0.jpg,7
1279279881_0.jpg,7
1003878671_0.jpg,1
1257086050_0.jpg,7
1020445064_0.jpg,7
1006997847_0.jpg,1
1202461375_0.jpg,5
1421385416_0.jpg,7
1090834900_0.jpg,3
1478673071_0.jpg,7
1177917873_0.jpg,1
1485571885_0.jpg,5
1442346108_0.jpg,5
1086230391_0.jpg,3
1219372695_0.jpg,5
1296771712_0.jpg,6
1327229386_0.jpg,6
1077389855_0.jpg,7
1038212670_0.jpg,2
1476438543_0.jpg,4
1366976374_0.jpg,7
1207067652_0.jpg,3
1035718954_0.jpg,5
1804439590_0.jpg,5
1452961805_0.jpg,7
1473536285_0.jpg,5
1246974802_0.jpg,5
1421766124_0.jpg,7
1030576768_0.jpg,7
1082599717_0.jpg,7
1035027135_0.jpg,3
1309015440_0.jpg,4
1457924659_0.jpg,0
1065827032_0.jpg,7
1030946971_0.jpg,7
1449897403_0.jpg,7
1466786664_0.jpg,4
1030578251_0.jpg,3
1415665848_0.jpg,7
1102816775_0.jpg,0
1309104491_0.jpg,6
1219369159_0.jpg,7
1478302304_0.jpg,7
1219354126_0.jpg,7
1037243923_0.jpg,7
1116557606_0.jpg,1
1390202316_0.jpg,7
1015073859_0.jpg,3
1167798599_0.jpg,3
1482982598_0.jpg,7
1011349160_0.jpg,3
1020236790_0.jpg,4
1635968021_0.jpg,4
1037097386_0.jpg,6
1257588749_0.jpg,5
1076678848_0.jpg,3
1452961641_0.jpg,7
1127692237_0.jpg,1
1448638497_0.jpg,7
1478146528_0.jpg,5
1479314371_0.jpg,4
1134500856_0.jpg,4
1159786557_0.jpg,7
1033310034_0.jpg,5
1359946009_0.jpg,3
1303624576_0.jpg,7
1033001031_0.jpg,7
1048582892_0.jpg,3
1488186286_0.jpg,4
1210746919_0.jpg,7
1315145292_0.jpg,6
1320876438_0.jpg,6
1157904043_0.jpg,3
1311473026_0.jpg,7
1299826789_0.jpg,6
1472625607_0.jpg,3
1217814999_0.jpg,6
1036243913_1.jpg,7
1195322135_0.jpg,2
1361353763_0.jpg,7
1420608719_0.jpg,4
1275851574_0.jpg,3
1492778146_0.jpg,7
1154354112_0.jpg,7
1237866269_0.jpg,3
1016915422_0.jpg,1
1006496410_0.jpg,3
1300693045_0.jpg,3
1007878773_0.jpg,3
1262220016_0.jpg,6
1339649535_0.jpg,7
1329826519_0.jpg,3
1489822979_0.jpg,1
1105087325_0.jpg,7
1152625708_0.jpg,7
1319260389_0.jpg,7
1091781880_0.jpg,0
1252446006_0.jpg,5
1196544989_0.jpg,2
1312341589_0.jpg,7
1273695205_0.jpg,6
1769898039_0.jpg,0
1486405612_0.jpg,7
1186084701_0.jpg,4
1089165861_0.jpg,5
1167682956_0.jpg,7
1380799699_0.jpg,2
1027206822_0.jpg,3
1421233667_0.jpg,7
1217174100_0.jpg,7
1189907758_0.jpg,7
1165006192_0.jpg,6
1334031909_0.jpg,2
1025958546_0.jpg,2
1456529702_0.jpg,7
1348876922_0.jpg,7
1105550566_0.jpg,1
1487092538_0.jpg,1
1312987708_0.jpg,7
1604311205_0.jpg,1
1362452987_0.jpg,7
1232210464_0.jpg,4
1357863447_0.jpg,5
1036427869_0.jpg,7
1202438340_0.jpg,3
1463023431_0.jpg,6
1266808606_0.jpg,7
1087340219_0.jpg,5
1424337556_0.jpg,3
1111146649_0.jpg,1
1113679959_0.jpg,7
1424020887_0.jpg,7
1473325981_0.jpg,0
1224933841_0.jpg,7
1350262163_0.jpg,3
1215190838_0.jpg,2
1432918807_0.jpg,7
1488526305_0.jpg,4
1304139967_0.jpg,7
1474930735_0.jpg,5
1433460800_0.jpg,6
1487501373_0.jpg,2
1350274043_0.jpg,2
1428506185_0.jpg,7
1042981391_0.jpg,0
1492979392_0.jpg,7
1295364488_0.jpg,6
1013623893_0.jpg,3
1117347574_0.jpg,3
1412631555_0.jpg,6
1021590643_0.jpg,0
1157926908_0.jpg,1
1117255972_0.jpg,4
1287765344_0.jpg,2
1105550774_0.jpg,1
1036678633_0.jpg,7
1466870651_0.jpg,7
1117689079_0.jpg,1
1101954952_0.jpg,1
1151194999_0.jpg,2
1015247268_0.jpg,7
1330920122_0.jpg,7
1252683309_0.jpg,6
1354725488_0.jpg,3
1062212809_0.jpg,7
1114667779_0.jpg,4
1232237663_0.jpg,3
1036182211_0.jpg,7
1075180393_0.jpg,3
1301757547_0.jpg,7
1366751051_0.jpg,7
1114668310_0.jpg,4
1372682079_0.jpg,6
1341494416_0.jpg,3
1431707577_0.jpg,5
1488257758_0.jpg,4
1473817829_0.jpg,4
1480094223_0.jpg,1
1207928417_0.jpg,5
1223037500_0.jpg,1
1231233677_0.jpg,1
1121469045_0.jpg,0
1030129508_0.jpg,7
1017770425_0.jpg,0
1263903074_0.jpg,7
1088107030_0.jpg,0
1313689818_0.jpg,5
1217173306_0.jpg,3
1444864179_0.jpg,7
1096210272_0.jpg,3
1156878554_0.jpg,7
1030971760_0.jpg,7
1074414130_0.jpg,7
1410074641_0.jpg,7
1476393130_0.jpg,7
1084493688_0.jpg,5
1383317570_0.jpg,2
1462352070_0.jpg,7
1471724325_0.jpg,0
1048580539_0.jpg,3
1170837563_0.jpg,4
1219373620_0.jpg,7
1465099549_0.jpg,0
1016487823_0.jpg,7
1136816438_0.jpg,1
1271398860_0.jpg,6
1092860890_0.jpg,4
1220291669_0.jpg,7
1462212149_0.jpg,4
1130333015_0.jpg,3
1262925019_0.jpg,0
1217612998_0.jpg,7
1382333179_0.jpg,7
1031586949_0.jpg,7
1396499452_0.jpg,7
1310072129_0.jpg,5
1219050614_0.jpg,5
1218518879_0.jpg,3
1392162041_0.jpg,2
1159215947_0.jpg,4
1227338386_0.jpg,3
1275230317_0.jpg,7
1069856096_0.jpg,7
1130386446_0.jpg,2
1293664307_0.jpg,6
1235717549_0.jpg,0
1288152630_0.jpg,7
1338967294_0.jpg,7
1000739925_0.jpg,5
1290509273_0.jpg,3
1474949921_0.jpg,4
1416956119_0.jpg,7
1033393122_0.jpg,3
1033182661_0.jpg,7
1093723420_0.jpg,3
1246578182_0.jpg,6
1095652090_0.jpg,4
1454889673_0.jpg,7
1323858629_0.jpg,3
1125384064_0.jpg,1
1138819029_0.jpg,7
1055799553_0.jpg,0
1162461157_0.jpg,4
1276430070_0.jpg,7
1029886667_0.jpg,2
1429074529_0.jpg,7
1304967861_0.jpg,3
1031761825_0.jpg,0
1113566925_0.jpg,1
1478833050_0.jpg,5
1172390158_0.jpg,3
1023260023_0.jpg,1
1093809344_0.jpg,2
1113173826_0.jpg,7
1173552140_0.jpg,2
1477592123_0.jpg,4
1195883102_0.jpg,2
1075225026_0.jpg,4
1264740623_0.jpg,7
1204456307_0.jpg,6
1427307276_0.jpg,7
1045195231_0.jpg,2
1035740689_0.jpg,5
1080724017_0.jpg,0
1303830762_0.jpg,7
1462027854_0.jpg,0
1374783327_0.jpg,6
1119894790_0.jpg,1
1305340940_0.jpg,2
1126744103_0.jpg,1
1242374666_0.jpg,3
1076868374_0.jpg,4
1200689424_0.jpg,7
1003058111_0.jpg,3
1235523964_0.jpg,7
1407397307_0.jpg,7
1264800658_0.jpg,7
1458409597_0.jpg,5
1157276203_0.jpg,5
1217633729_0.jpg,7
1021300989_0.jpg,1
1146489076_0.jpg,1
1430640554_0.jpg,7
1448639857_0.jpg,7
1259554825_0.jpg,6
1481318703_0.jpg,7
1126095964_0.jpg,5
1171439682_0.jpg,3
1012075862_0.jpg,3
1494999926_0.jpg,3
1292256696_0.jpg,6
1459601827_0.jpg,0
1344862529_0.jpg,6
1023204449_0.jpg,1
1125549410_0.jpg,1
1252072696_0.jpg,7
1477840747_0.jpg,7
1075990460_0.jpg,1
1005855856_0.jpg,7
1464977960_0.jpg,5
1031283582_0.jpg,7
1442112820_0.jpg,3
1201309861_0.jpg,2
1035541218_0.jpg,7
1057493056_0.jpg,7
1050939055_0.jpg,6
1371483043_0.jpg,5
1293886674_0.jpg,7
1484255843_0.jpg,1
1033136628_0.jpg,7
1119810547_0.jpg,5
1377473105_0.jpg,7
1015041882_0.jpg,1
1335482558_0.jpg,6
1300377290_0.jpg,4
1441303935_0.jpg,5
1159845252_0.jpg,2
1249476012_0.jpg,7
1072661972_0.jpg,7
1187166381_0.jpg,3
1328274106_0.jpg,3
1207759247_0.jpg,6
1483009417_0.jpg,5
1108035128_0.jpg,7
1176964432_0.jpg,2
1064226995_0.jpg,6
1211501611_0.jpg,2
1084263835_0.jpg,7
1290805109_0.jpg,2
1488069186_0.jpg,4
1077388908_0.jpg,7
1016280560_0.jpg,5
1432171057_0.jpg,5
1440923141_0.jpg,5
1184703724_0.jpg,1
1495868839_0.jpg,3
1007694797_1.jpg,6
1310017258_0.jpg,3
1155321955_0.jpg,2
1022507283_0.jpg,1
1042997828_0.jpg,2
1321260768_0.jpg,3
1285526126_0.jpg,5
1033916068_0.jpg,6
1217410436_0.jpg,2
1035618818_0.jpg,7
1210402898_0.jpg,7
1474247535_0.jpg,0
1157760090_0.jpg,4
1279982317_0.jpg,3
1049622068_0.jpg,3
1325154460_0.jpg,3
1235715513_0.jpg,3
1320937055_0.jpg,7
1421398833_0.jpg,7
1205755215_0.jpg,3
1030421743_0.jpg,7
1102681286_0.jpg,1
1234563293_0.jpg,4
1494157901_0.jpg,7
1066691436_0.jpg,2
1382302861_0.jpg,7
1374527247_0.jpg,2
1311371400_0.jpg,2
1178432197_0.jpg,7
1236536788_0.jpg,3
1323309781_0.jpg,7
1312525160_0.jpg,6
1754174173_0.jpg,3
1021915962_0.jpg,0
1244565449_0.jpg,7
1022391853_0.jpg,1
1282445122_0.jpg,3
1367996766_0.jpg,7
1033931801_0.jpg,0
1040685770_0.jpg,6
1418240019_0.jpg,7
1031448298_0.jpg,7
1376459628_0.jpg,7
1237685009_0.jpg,5
1472104095_0.jpg,7
1341066271_0.jpg,3
1036521636_0.jpg,7
1474981385_0.jpg,5
1030720409_0.jpg,7
1242814367_0.jpg,7
1031957658_0.jpg,7
1412217841_0.jpg,7
1433938944_0.jpg,2
1041452129_0.jpg,7
1275077051_0.jpg,7
1188334169_0.jpg,2
1004880890_0.jpg,1
1033987730_0.jpg,6
1473433119_0.jpg,3
1051727307_0.jpg,7
1118501993_0.jpg,4
1489494903_0.jpg,7
1138819038_0.jpg,3
1353539929_0.jpg,5
1121615612_0.jpg,1
1212470055_0.jpg,5
1091228081_0.jpg,7
1033702268_0.jpg,5
1036574007_0.jpg,2
1007747814_0.jpg,7
1120468170_0.jpg,1
1130562769_0.jpg,3
1185826486_0.jpg,3
1109367406_0.jpg,7
1475940760_0.jpg,1
1019798410_0.jpg,7
1474473037_0.jpg,4
1050232715_0.jpg,6
1132059360_0.jpg,0
1360725570_0.jpg,3
1485571897_0.jpg,5
1323142774_0.jpg,3
1147195930_0.jpg,0
1022793122_0.jpg,7
1159521826_0.jpg,1
1057494497_0.jpg,3
1479236447_0.jpg,7
1181036984_0.jpg,5
1435822728_0.jpg,7
1315338560_0.jpg,2
1277996479_0.jpg,7
1314907849_0.jpg,6
1325603738_0.jpg,6
1466064587_0.jpg,1
1102803129_0.jpg,0
1368210744_0.jpg,7
1226624935_0.jpg,7
1472745600_0.jpg,0
1257019716_0.jpg,3
1032363292_0.jpg,3
1373509083_0.jpg,7
1464458045_0.jpg,5
1158933905_0.jpg,0
1053285962_0.jpg,6
1291676359_0.jpg,7
1450822062_0.jpg,0
1293805648_0.jpg,3
1248523892_0.jpg,7
1333332502_0.jpg,6
1434420670_0.jpg,4
1015041880_0.jpg,7
1077635950_0.jpg,5
1174105606_0.jpg,0
1060966731_0.jpg,2
1095524365_0.jpg,6
1426446086_0.jpg,7
10106415845_0.jpg,7
1035208396_0.jpg,7
1035881659_0.jpg,7
1048453383_0.jpg,7
1239595531_0.jpg,3
1188767907_0.jpg,5
1308995885_0.jpg,7
1157326734_0.jpg,4
1244621832_0.jpg,7
1027370087_0.jpg,0
1234172101_0.jpg,3
1269277080_0.jpg,2
1139129334_0.jpg,3
1474615200_0.jpg,7
1234373238_0.jpg,4
1036267532_0.jpg,3
1214291849_0.jpg,7
1018025143_0.jpg,7
1448644546_0.jpg,7
1086969082_0.jpg,3
1045455404_0.jpg,3
1500062217_0.jpg,4
1159734923_0.jpg,1
1202383141_0.jpg,1
1329123431_0.jpg,2
1121410049_0.jpg,1
1045383826_0.jpg,7
1359843044_0.jpg,2
1199643109_0.jpg,2
1340302347_0.jpg,7
1217698686_0.jpg,6
1287321591_0.jpg,5
1143167140_0.jpg,1
1086712939_0.jpg,0
1033358464_0.jpg,7
1032451569_0.jpg,5
1059181598_0.jpg,0
1455047234_0.jpg,7
1424614200_0.jpg,7
1007777572_0.jpg,2
1296733989_0.jpg,3
1047522043_0.jpg,6
1244797191_0.jpg,3
1469931309_0.jpg,1
1247821469_0.jpg,7
1475710976_0.jpg,1
1054520823_0.jpg,7
1305436757_0.jpg,5
1220844673_0.jpg,0
1049583653_0.jpg,5
1091671409_0.jpg,3
1451728127_0.jpg,6
1227868092_0.jpg,7
1324683857_0.jpg,6
1251234236_0.jpg,3
1036280841_0.jpg,6
1143844793_0.jpg,0
1074196246_0.jpg,3
1325366431_0.jpg,7
1423979100_0.jpg,7
1433116027_0.jpg,7
1330832529_0.jpg,2
1274987606_0.jpg,7
1204583413_0.jpg,1
1355208321_0.jpg,3
1479774277_0.jpg,0
1024860831_0.jpg,1
1097820996_0.jpg,7
1283612206_0.jpg,6
1062697695_0.jpg,6
1481369827_0.jpg,7
1227003623_0.jpg,7
1089128799_0.jpg,3
1487313837_0.jpg,1
1376561232_0.jpg,7
1033608201_0.jpg,0
1054734924_0.jpg,3
1379580175_0.jpg,3
1019605353_0.jpg,1
1033373342_0.jpg,7
1097746069_0.jpg,4
1227869479_0.jpg,1
1311396871_0.jpg,6
1487550599_0.jpg,7
1477618282_0.jpg,2
1308643339_0.jpg,6
1065018989_0.jpg,3
1108332539_0.jpg,1
1171364431_0.jpg,1
1432666417_0.jpg,7
1383319155_0.jpg,2
1266279761_0.jpg,7
1429490997_0.jpg,7
1416596760_0.jpg,7
1473541118_0.jpg,0
1438853796_0.jpg,5
1224148104_0.jpg,0
1690428698_0.jpg,0
1035302525_0.jpg,6
1038113843_0.jpg,3
1063073576_0.jpg,6
1219374649_0.jpg,7
1488907819_0.jpg,3
1267366472_0.jpg,5
1037317407_0.jpg,0
1082739739_0.jpg,3
1069856316_0.jpg,7
1049479347_0.jpg,3
1007615337_1.jpg,7
1105310528_0.jpg,0
1082558640_0.jpg,1
1162893350_0.jpg,1
1465536611_0.jpg,1
1238910403_0.jpg,1
1493123187_0.jpg,4
1023878900_0.jpg,1
1339343895_0.jpg,5
1232166327_0.jpg,7
1347421367_0.jpg,3
1474644309_0.jpg,5
1297347914_0.jpg,3
1474146466_0.jpg,7
1126761040_0.jpg,2
1392117947_0.jpg,7
1046115571_0.jpg,5
1475094930_0.jpg,7
1214216126_0.jpg,7
1035208393_0.jpg,7
1235544567_0.jpg,3
1241520616_0.jpg,7
1100545735_0.jpg,1
1412542008_0.jpg,7
1273839260_0.jpg,7
1446684457_0.jpg,7
1355779957_0.jpg,2
1036606721_0.jpg,7
1633639914_0.jpg,5
1316531385_0.jpg,7
1034757511_0.jpg,0
1011349154_0.jpg,3
1276681106_0.jpg,5
1236755312_0.jpg,3
1171441470_0.jpg,5
1278071443_0.jpg,6
1159893638_0.jpg,7
1478926686_0.jpg,4
1604001514_0.jpg,0
1497800231_0.jpg,4
1263723413_0.jpg,3
1108537252_0.jpg,0
1127442455_0.jpg,3
1222753475_0.jpg,7
1367888779_0.jpg,3
1304239013_0.jpg,6
1445133501_0.jpg,7
1206124954_0.jpg,7
1279305551_0.jpg,5
1015516253_1.jpg,2
1320844483_0.jpg,7
1102417988_0.jpg,0
1050312604_0.jpg,5
1309104451_0.jpg,6
1166568216_0.jpg,1
1297545962_0.jpg,7
1069539808_0.jpg,3
1052388682_0.jpg,3
1498983326_0.jpg,5
1287668473_0.jpg,6
1112999295_0.jpg,1
1128436928_0.jpg,1
1226787546_0.jpg,7
1453622984_0.jpg,0
1243459387_0.jpg,2
1058961583_0.jpg,7
1021223583_0.jpg,2
1400581504_0.jpg,7
1218383077_0.jpg,2
1412622744_0.jpg,7
1144710768_0.jpg,1
1480309830_0.jpg,1
1400590691_0.jpg,0
1034406741_0.jpg,4
1315046753_0.jpg,3
1020374983_0.jpg,5
1489208396_0.jpg,0
1028969689_0.jpg,5
1032471759_0.jpg,3
1299039225_0.jpg,7
1257951092_0.jpg,3
1477499656_0.jpg,4
1282300590_0.jpg,3
1241501445_0.jpg,0
1030715149_0.jpg,3
1170398104_0.jpg,0
1475819203_0.jpg,7
1105550770_0.jpg,1
1401804207_0.jpg,7
1137729632_0.jpg,1
1021741172_0.jpg,1
1262055449_0.jpg,3
1079284397_0.jpg,0
1119196857_0.jpg,1
1333211972_0.jpg,3
1241251131_0.jpg,7
1486135235_0.jpg,4
1496185299_0.jpg,5
1030512493_0.jpg,1
1030548392_0.jpg,7
1117823914_0.jpg,7
1273545809_0.jpg,7
1098349313_0.jpg,5
1117685466_0.jpg,5
1024539139_0.jpg,1
1352811739_0.jpg,7
1343325708_0.jpg,7
1266897538_0.jpg,6
1160435255_0.jpg,1
1319192977_0.jpg,7
1056874824_0.jpg,7
1323882173_0.jpg,6
1031547775_0.jpg,7
1217598146_0.jpg,3
1025212366_0.jpg,3
1116125780_0.jpg,7
1451981980_0.jpg,0
1019856052_0.jpg,4
1032593241_0.jpg,7
1470779209_0.jpg,5
1463393193_0.jpg,5
1038625716_0.jpg,5
1485322981_0.jpg,1
1030462309_0.jpg,7
1330829101_0.jpg,2
1447678106_0.jpg,3
1029014631_0.jpg,1
1158471979_0.jpg,1
1065025817_0.jpg,0
1354804729_0.jpg,7
1371483052_0.jpg,7
1033278895_0.jpg,7
1148219241_0.jpg,4
1314380399_0.jpg,2
1204519740_0.jpg,1
1493196321_0.jpg,0
1197403952_0.jpg,5
1334803064_0.jpg,6
1031547770_0.jpg,7
1024264758_0.jpg,7
1034944307_0.jpg,7
1314455918_0.jpg,7
1064070995_0.jpg,1
1243327268_0.jpg,2
1170633383_0.jpg,2
1330062212_0.jpg,6
1134668986_0.jpg,5
1222738249_0.jpg,6
1448865234_0.jpg,7
1434736484_0.jpg,5
1483164342_0.jpg,7
1304219685_0.jpg,6
1031602165_0.jpg,7
1134666107_0.jpg,1
1469561313_0.jpg,5
1324473818_0.jpg,3
1213068462_0.jpg,7
1257734172_0.jpg,2
1128061473_0.jpg,0
1246054362_0.jpg,7
1283480981_0.jpg,3
1036522015_0.jpg,3
1291238833_0.jpg,6
1081693688_0.jpg,5
1035300139_0.jpg,3
1015247262_0.jpg,7
1031461794_0.jpg,7
1145429516_0.jpg,5
1027738823_0.jpg,7
1128061137_0.jpg,0
1284231504_0.jpg,3
1468027610_0.jpg,3
1472470793_0.jpg,5
1057040888_0.jpg,6
1227405694_0.jpg,1
1260716508_0.jpg,1
1037368634_0.jpg,3
1323027513_0.jpg,7
1153571810_0.jpg,1
1073957524_0.jpg,2
1295037523_0.jpg,7
1015068596_0.jpg,7
1142208565_0.jpg,1
1275954618_0.jpg,6
1475654299_0.jpg,0
1388600715_0.jpg,7
1022432135_0.jpg,1
1246595972_0.jpg,3
1419173283_0.jpg,7
1274488301_0.jpg,3
1267743204_0.jpg,0
1034459638_0.jpg,7
1038221495_0.jpg,3
1482196933_0.jpg,5
1469887584_0.jpg,7
1170024996_0.jpg,4
1198150057_0.jpg,5
1350175710_0.jpg,7
1095688559_0.jpg,6
1373164882_0.jpg,7
1495951495_0.jpg,7
1294107582_0.jpg,3
1356923197_0.jpg,3
1479147161_0.jpg,4
1225809865_0.jpg,1
1122782857_0.jpg,1
1271777146_0.jpg,6
1485772923_0.jpg,4
1160624725_0.jpg,1
1280870941_0.jpg,3
1041603287_0.jpg,6
1309394659_0.jpg,6
1127550272_0.jpg,1
1282756467_0.jpg,3
1447796014_0.jpg,5
1062599575_0.jpg,3
1289028052_0.jpg,7
1051377556_0.jpg,3
1480632419_0.jpg,7
1199665640_0.jpg,2
1017230483_0.jpg,7
1198250840_0.jpg,2
1219366979_0.jpg,7
1265126319_0.jpg,3
1330815056_0.jpg,3
1402276203_0.jpg,5
1338369349_0.jpg,3
10114010237_0.jpg,0
1046697036_0.jpg,7
1337300756_0.jpg,6
1349130005_0.jpg,3
1152187028_0.jpg,1
1161409040_0.jpg,1
1031638721_0.jpg,7
1130562775_0.jpg,1
1217176646_0.jpg,2
1190805012_0.jpg,1
1073242795_0.jpg,0
1117510133_0.jpg,7
1136311824_0.jpg,1
1317435272_0.jpg,6
1467157021_0.jpg,0
1451631000_0.jpg,7
1031395546_0.jpg,7
1017293554_0.jpg,3
1351742492_0.jpg,7
1096176367_0.jpg,4
1034769983_0.jpg,5
1098349317_0.jpg,3
1231187814_0.jpg,7
1033048868_0.jpg,1
1124584880_0.jpg,2
1333479153_0.jpg,7
1482554891_0.jpg,1
1126603369_0.jpg,2
1454105289_0.jpg,7
1345824790_0.jpg,7
1004370814_0.jpg,7
1296250763_0.jpg,3
1111133021_0.jpg,7
1123225893_0.jpg,4
1209746380_0.jpg,7
1400018792_0.jpg,2
1349231750_0.jpg,6
1050210497_0.jpg,3
1692972583_0.jpg,4
1076264246_0.jpg,7
1124929960_0.jpg,1
1305996821_0.jpg,7
1049939377_0.jpg,7
1480382588_0.jpg,4
1481414974_0.jpg,5
1196888643_0.jpg,2
1146770547_0.jpg,7
1259304529_0.jpg,4
1256947216_0.jpg,3
1364915645_0.jpg,7
1014909239_0.jpg,3
1024297400_0.jpg,2
1165153525_0.jpg,4
1327943217_0.jpg,3
1241029385_0.jpg,3
1083015454_0.jpg,7
1198033238_0.jpg,1
1499504029_0.jpg,1
1489902238_0.jpg,7
1484165863_0.jpg,4
1413299590_0.jpg,5
1221956285_0.jpg,5
1147924894_0.jpg,2
1022078255_0.jpg,4
1056705664_0.jpg,3
1321322259_0.jpg,5
1006130495_0.jpg,7
1368043280_0.jpg,6
1432902432_0.jpg,0
1447525407_0.jpg,7
1474783812_0.jpg,5
1041403187_0.jpg,3
1031547740_0.jpg,0
1018200597_0.jpg,1
1490446774_0.jpg,4
1213565857_0.jpg,1
1034226289_0.jpg,5
1008185252_0.jpg,3
1106501782_0.jpg,3
1041452141_0.jpg,7
1344684251_0.jpg,5
1462039660_0.jpg,7
1329809246_0.jpg,3
1472267826_0.jpg,1
1020332165_0.jpg,5
1035362282_0.jpg,6
1321639404_0.jpg,2
10003624524_0.jpg,3
1136186231_0.jpg,1
1171092415_0.jpg,4
1334276120_0.jpg,6
1175606623_0.jpg,4
1392373015_0.jpg,4
1329119672_0.jpg,3
1422249937_0.jpg,5
1129378460_0.jpg,7
1114153814_0.jpg,4
1466341538_0.jpg,3
1381299772_0.jpg,7
1006820594_0.jpg,7
1208471718_0.jpg,3
1207946362_0.jpg,1
1098750968_0.jpg,3
1015536980_0.jpg,3
1147133767_0.jpg,5
1424843415_0.jpg,6
1038033091_0.jpg,3
1434558007_0.jpg,7
1476706827_0.jpg,4
1300783093_0.jpg,6
1488267090_0.jpg,4
1337785621_0.jpg,7
1457657057_0.jpg,7
1241032509_0.jpg,1
1475959000_0.jpg,4
1235370194_0.jpg,0
1366739889_0.jpg,2
1255884652_0.jpg,5
1127597817_0.jpg,1
1305690958_0.jpg,2
1069866622_0.jpg,7
1469363672_0.jpg,0
1145183502_0.jpg,7
1232775400_0.jpg,7
1015790658_0.jpg,1
1145543230_0.jpg,1
1430768647_0.jpg,7
1472623968_0.jpg,5
1434585875_0.jpg,7
1037293347_0.jpg,3
1467014279_0.jpg,5
1297393467_0.jpg,5
1233121647_0.jpg,2
1022216299_0.jpg,1
1241466048_0.jpg,5
1384383487_0.jpg,3
1212746631_0.jpg,7
1047457750_0.jpg,3
1383090269_0.jpg,7
1483490457_0.jpg,7
1252609169_0.jpg,3
1131485527_0.jpg,4
1043204104_0.jpg,6
1200344825_0.jpg,2
1411210878_0.jpg,5
1234165680_0.jpg,7
1259657974_0.jpg,3
1213565875_0.jpg,1
1154476568_0.jpg,1
1448623040_0.jpg,7
1121370331_0.jpg,1
1387762282_0.jpg,2
1245531983_0.jpg,0
1466163224_0.jpg,7
1246546956_0.jpg,7
1193928571_0.jpg,0
1379748301_0.jpg,6
1350281064_0.jpg,3
1596127346_0.jpg,1
1172642395_0.jpg,1
1459601831_0.jpg,7
1062392421_0.jpg,6
1017120016_0.jpg,7
1256539575_0.jpg,0
1175014028_0.jpg,1
1275119123_0.jpg,6
1488745121_0.jpg,1
1478433233_0.jpg,4
1166780231_0.jpg,7
1204738874_0.jpg,2
1054604214_0.jpg,6
1356480180_0.jpg,7
1478016647_0.jpg,7
1101379150_0.jpg,1
1221753389_0.jpg,7
1060227812_0.jpg,0
1280906766_0.jpg,7
1133877249_0.jpg,1
1050007659_0.jpg,3
1189907756_0.jpg,7
1031102975_0.jpg,3
1195401064_0.jpg,6
1170805138_0.jpg,2
1464995414_0.jpg,0
1329266363_0.jpg,7
1334063574_0.jpg,5
1443475647_0.jpg,7
1145256119_0.jpg,4
1241304148_0.jpg,7
1248056390_0.jpg,7
1213073336_0.jpg,7
1214216123_0.jpg,7
1227109615_0.jpg,5
1489203871_0.jpg,4
1210404663_0.jpg,7
1079653298_0.jpg,7
1229959306_0.jpg,7
1102202629_0.jpg,7
1273408235_0.jpg,7
1283494599_0.jpg,7
1285472685_0.jpg,3
1477365967_0.jpg,7
1472578607_0.jpg,7
1483513871_0.jpg,3
1032865008_0.jpg,7
1464647010_0.jpg,1
1181061255_0.jpg,7
1232301462_0.jpg,3
1434090231_0.jpg,5
1036181201_0.jpg,2
1078469038_0.jpg,3
1191613259_0.jpg,0
1051301445_0.jpg,6
1453746350_0.jpg,7
1079653294_0.jpg,3
1238844367_0.jpg,7
1454162265_0.jpg,7
1192220784_0.jpg,4
1129235216_0.jpg,1
1638465523_0.jpg,5
1139389256_0.jpg,4
1357486900_0.jpg,6
1211655199_0.jpg,3
1499307421_0.jpg,4
1434976878_0.jpg,7
1326901775_0.jpg,7
1219415011_0.jpg,5
1429583111_0.jpg,7
1113229861_0.jpg,4
1332140068_0.jpg,7
1059431003_0.jpg,6
1050064979_0.jpg,7
1048921964_0.jpg,3
1474076480_0.jpg,7
1481369811_0.jpg,7
1451910122_0.jpg,7
1326115431_0.jpg,7
1360965596_0.jpg,6
1136750299_0.jpg,3
1769901779_0.jpg,0
1212470051_0.jpg,1
1288866112_0.jpg,5
1472504587_0.jpg,7
1148727756_0.jpg,5
1276991098_0.jpg,7
1166028844_0.jpg,1
1477964790_0.jpg,7
1088673716_0.jpg,5
1094707836_0.jpg,0
1181269305_0.jpg,3
1171420813_0.jpg,3
1478773999_0.jpg,7
1030575306_0.jpg,3
1465097127_0.jpg,0
1117741824_0.jpg,1
1020751136_0.jpg,7
1435034996_0.jpg,5
1172448087_0.jpg,4
1180754392_0.jpg,5
1213201059_0.jpg,7
1448415972_0.jpg,6
1076621823_0.jpg,3
1267766090_0.jpg,6
1026897246_0.jpg,0
1173249108_0.jpg,1
1128223627_0.jpg,1
1170018726_0.jpg,2
1017389747_0.jpg,3
1486739991_0.jpg,4
1436041698_0.jpg,7
1460078771_0.jpg,7
1330827201_0.jpg,2
1045470682_0.jpg,6
1019466937_0.jpg,1
1180219744_0.jpg,3
1146420744_0.jpg,1
1031073094_0.jpg,2
1241059612_0.jpg,5
1498370026_0.jpg,4
1267998093_0.jpg,3
1013527452_0.jpg,3
1053074536_0.jpg,6
1076501284_0.jpg,7
1458670281_0.jpg,0
1471894272_0.jpg,1
1313898453_0.jpg,3
1205795625_0.jpg,4
1434976914_0.jpg,7
1434266907_0.jpg,7
1121384065_0.jpg,1
1344798865_0.jpg,7
1493837238_0.jpg,4
1124159492_0.jpg,1
1434324701_0.jpg,7
1364703609_0.jpg,6
1452048636_0.jpg,5
1299820216_0.jpg,3
1212427948_0.jpg,0
1486405597_0.jpg,7
1079013670_0.jpg,4
1291004758_0.jpg,6
1267758316_0.jpg,6
1458340458_0.jpg,5
1357019634_0.jpg,7
1175606614_0.jpg,4
1472938254_0.jpg,7
1492686078_0.jpg,5
1120360188_0.jpg,2
1385465062_0.jpg,7
1453414936_0.jpg,7
1316362673_0.jpg,6
1308566494_0.jpg,0
1475784305_0.jpg,0
1047538723_0.jpg,3
1478118447_0.jpg,3
1019449203_0.jpg,4
1492029336_0.jpg,5
1011633995_0.jpg,7
1473672044_0.jpg,4
1102709838_0.jpg,5
1167643619_0.jpg,1
1238084046_0.jpg,3
1155365649_0.jpg,5
1371492433_0.jpg,7
1341487349_0.jpg,3
1480169908_0.jpg,0
1049480966_0.jpg,6
1269539060_0.jpg,5
1273911945_0.jpg,3
1428878849_0.jpg,7
1031547425_0.jpg,7
1314401785_0.jpg,6
1242775240_0.jpg,3
1074054724_0.jpg,6
1024433611_0.jpg,1
1287998907_0.jpg,6
1492004245_0.jpg,5
1356480182_0.jpg,7
1157985577_0.jpg,2
1329768143_0.jpg,6
1268653981_0.jpg,7
1289139482_0.jpg,3
1246629419_0.jpg,2
1157112651_0.jpg,1
1026671601_0.jpg,2
1481429358_0.jpg,5
1127670276_0.jpg,4
1173218568_0.jpg,4
1056874901_0.jpg,7
1348932366_0.jpg,7
1313352596_0.jpg,3
1008096768_0.jpg,3
1383895328_0.jpg,7
1255933479_0.jpg,5
1230499118_0.jpg,2
1278069527_0.jpg,6
1481827363_0.jpg,4
1123563921_0.jpg,0
1061958081_0.jpg,3
1189617084_0.jpg,1
1079516651_0.jpg,5
1446604511_0.jpg,7
1474305314_0.jpg,7
1431581404_0.jpg,5
1087482712_0.jpg,1
1442198022_0.jpg,6
1076500649_0.jpg,7
1033399155_0.jpg,2
1480295089_0.jpg,4
1294746234_0.jpg,7
1033241968_0.jpg,7
1478673076_0.jpg,1
1492995593_0.jpg,3
1377938170_0.jpg,7
1459584100_0.jpg,7
1271169940_0.jpg,6
1499725253_0.jpg,4
1480356781_0.jpg,4
1086547402_0.jpg,7
1129463031_0.jpg,5
1486465210_0.jpg,7
1346318054_0.jpg,0
1454870488_0.jpg,7
1309844012_0.jpg,5
1245294180_0.jpg,7
1314723066_0.jpg,6
1494180173_0.jpg,4
1296763767_0.jpg,4
1024356743_0.jpg,7
1096484110_0.jpg,2
1043338777_0.jpg,3
1051578772_0.jpg,3
1175041690_0.jpg,4
1276115233_0.jpg,2
1237962825_0.jpg,3
1194079779_0.jpg,4
1041784695_0.jpg,3
1261516234_0.jpg,7
1127068461_0.jpg,1
1275556649_0.jpg,6
1336015396_0.jpg,7
1472179809_0.jpg,5
1213565800_0.jpg,3
1345426454_0.jpg,6
1769895920_0.jpg,0
1473942443_0.jpg,7
1248483047_0.jpg,7
1439636224_0.jpg,6
1234413836_0.jpg,2
1035039005_0.jpg,2
1487528730_0.jpg,5
1326907834_0.jpg,6
1769895700_0.jpg,0
1477625245_0.jpg,5
1023135622_0.jpg,6
1096903764_0.jpg,0
1421347151_0.jpg,5
1283485363_0.jpg,7
1476972994_0.jpg,5
10091721610_0.jpg,0
1336094459_0.jpg,2
1234605432_0.jpg,4
1315100068_0.jpg,3
1025400430_0.jpg,7
1084480314_0.jpg,3
1189820114_0.jpg,0
1020649931_0.jpg,0
1403035771_0.jpg,7
1148573510_0.jpg,6
1456563469_0.jpg,7
1018201132_0.jpg,1
1454665672_0.jpg,5
1036439293_0.jpg,7
1477760775_0.jpg,4
1004522927_2.jpg,1
1436338307_0.jpg,5
1207962368_0.jpg,7
1280121898_0.jpg,5
1369681680_0.jpg,7
1457955746_0.jpg,5
1231187810_0.jpg,7
1468647353_0.jpg,7
1075399019_0.jpg,7
1108308959_0.jpg,1
1339468147_0.jpg,7
1171364439_0.jpg,1
1129136585_0.jpg,7
1464468658_0.jpg,3
1164281016_0.jpg,4
1251204047_0.jpg,0
1296939820_0.jpg,3
1435619258_0.jpg,3
1019518960_0.jpg,1
1459479656_0.jpg,7
1439956420_0.jpg,7
1112597227_0.jpg,1
1115833891_0.jpg,1
1020169142_0.jpg,1
1115779518_0.jpg,4
1198384586_0.jpg,4
1096837777_0.jpg,7
1250948543_0.jpg,7
1233139837_0.jpg,0
1227757749_0.jpg,2
1351783056_0.jpg,7
1166839035_0.jpg,7
1182031452_0.jpg,2
1056584041_0.jpg,6
1276813951_0.jpg,7
1306567171_0.jpg,2
1262364263_0.jpg,7
1095371206_0.jpg,4
1367492821_0.jpg,5
1252412232_0.jpg,3
1486694326_0.jpg,1
1270243079_0.jpg,0
1084818580_0.jpg,0
1031001580_0.jpg,7
1138650134_0.jpg,1
1134559245_0.jpg,5
1365411549_0.jpg,7
1479402710_0.jpg,7
1453704335_0.jpg,7
1006958083_0.jpg,7
1162469535_0.jpg,1
1480563971_0.jpg,4
1397694542_0.jpg,2
1034299657_0.jpg,7
1219410009_0.jpg,5
1310127232_0.jpg,6
1422134317_0.jpg,3
1025400435_0.jpg,7
1208079930_0.jpg,4
1293672053_0.jpg,6
1478832257_0.jpg,4
1088445504_0.jpg,0
1113895899_0.jpg,1
1303701329_0.jpg,3
1055032295_0.jpg,6
1467301843_0.jpg,2
1154405580_0.jpg,3
1398292758_0.jpg,5
1428330925_0.jpg,7
1287054117_0.jpg,7
1130568465_0.jpg,0
1480888815_0.jpg,4
1015597347_0.jpg,7
1361641830_0.jpg,2
1280728700_0.jpg,6
1338203403_0.jpg,2
1149738470_0.jpg,4
1138757051_0.jpg,1
1302749300_0.jpg,2
1455100976_0.jpg,5
1018785763_0.jpg,7
1278302247_0.jpg,7
1027076169_0.jpg,1
1321136202_0.jpg,3
1186137710_0.jpg,7
1458033211_0.jpg,7
1083080432_0.jpg,3
1174568248_0.jpg,1
1012180834_1.jpg,0
1486863450_0.jpg,4
1218260085_0.jpg,2
1252626414_0.jpg,7
1462281361_0.jpg,7
1045126155_0.jpg,3
1433993793_0.jpg,7
1388759082_0.jpg,5
1462295253_0.jpg,4
1334515505_0.jpg,6
1034413722_0.jpg,6
1163316379_0.jpg,0
1143672227_0.jpg,4
1399481263_0.jpg,2
1031403262_0.jpg,7
1380144563_0.jpg,2
1466068515_0.jpg,7
1208536998_0.jpg,5
1021085835_0.jpg,1
1393374453_0.jpg,7
1192627733_0.jpg,7
1463830826_0.jpg,7
1193799837_0.jpg,4
1133654648_0.jpg,5
1087583937_0.jpg,7
1492209832_0.jpg,3
1048202288_0.jpg,6
1378658307_0.jpg,7
1444561681_0.jpg,7
1298499581_0.jpg,6
1226983284_0.jpg,7
1033390266_0.jpg,0
1336977352_0.jpg,6
1015073863_0.jpg,3
1007615337_0.jpg,7
1030587350_0.jpg,0
1065045022_0.jpg,3
1367534761_0.jpg,5
1465530643_0.jpg,3
1337936969_0.jpg,7
1219345357_0.jpg,1
1316774199_0.jpg,5
1166552166_0.jpg,2
1034194484_0.jpg,7
1268663124_0.jpg,7
1448460067_0.jpg,7
1212746642_0.jpg,7
1059394880_0.jpg,7
1255481549_0.jpg,5
1143510516_0.jpg,1
1144845977_0.jpg,4
1159734474_0.jpg,7
1473995469_0.jpg,4
1198645748_0.jpg,5
1161935838_0.jpg,4
1492001196_0.jpg,5
1601476773_0.jpg,1
1387800088_0.jpg,7
1232341719_0.jpg,7
1305995043_0.jpg,2
1129956991_0.jpg,1
1463843856_0.jpg,6
1304148185_0.jpg,3
1374752384_0.jpg,3
1304713567_0.jpg,6
1419775139_0.jpg,6
1118805969_0.jpg,3
1163610989_0.jpg,1
1304887188_0.jpg,6
1371769046_0.jpg,7
1188767897_0.jpg,5
1098277821_0.jpg,7
1219370726_0.jpg,7
1198624818_0.jpg,0
1034788518_0.jpg,7
1481234437_0.jpg,4
1097101185_0.jpg,3
1493122992_0.jpg,1
1025037503_0.jpg,7
1071859498_0.jpg,6
1074208561_0.jpg,7
1257194660_0.jpg,5
1264109569_0.jpg,7
1143700279_0.jpg,3
1129552700_0.jpg,4
1163698169_0.jpg,4
1305814496_0.jpg,6
1477939985_0.jpg,5
1253945739_0.jpg,3
1289103672_0.jpg,7
1276407542_0.jpg,3
1463915946_0.jpg,5
1025571128_0.jpg,1
1358167886_0.jpg,7
1491956339_0.jpg,5
1310291544_0.jpg,6
1162681895_0.jpg,1
1319294242_0.jpg,3
1034706367_0.jpg,7
1016481100_0.jpg,1
1034674246_0.jpg,7
1470348306_0.jpg,4
1394398704_0.jpg,7
1097158653_0.jpg,3
1481824857_0.jpg,0
1714365559_0.jpg,7
1080730689_0.jpg,0
1330329718_0.jpg,3
1032612598_0.jpg,3
1296585270_0.jpg,6
1455615118_0.jpg,0
1313923063_0.jpg,6
1170398114_0.jpg,0
1472960678_0.jpg,4
1213359190_0.jpg,7
1336001239_0.jpg,7
1212163395_0.jpg,7
1460182568_0.jpg,5
1448826625_0.jpg,7
1015936891_0.jpg,7
1135642485_0.jpg,2
1317042758_0.jpg,5
1037139442_0.jpg,3
1316013707_0.jpg,3
1275002811_0.jpg,2
1498891157_0.jpg,4
1034947793_0.jpg,5
1025918178_0.jpg,4
1467950227_0.jpg,4
1048560135_0.jpg,6
1035388710_0.jpg,5
1123882908_0.jpg,1
1471945373_0.jpg,3
1109819341_0.jpg,5
1346315419_0.jpg,5
1091162165_0.jpg,0
1147807616_0.jpg,7
1147819577_0.jpg,1
1118601695_0.jpg,0
1163575026_0.jpg,0
1251514184_0.jpg,0
1751850790_0.jpg,7
1434722897_0.jpg,7
1174937469_0.jpg,7
1055013140_0.jpg,3
1150879950_0.jpg,4
1484141998_0.jpg,4
1132419384_0.jpg,2
1044877955_0.jpg,3
1038053955_0.jpg,3
1214319087_0.jpg,4
1096149871_0.jpg,7
1239491071_0.jpg,3
1205527799_0.jpg,7
1117386025_0.jpg,2
1013318755_0.jpg,7
1331083171_0.jpg,3
1255162917_0.jpg,5
1135523627_0.jpg,4
1019341703_0.jpg,1
1226647330_0.jpg,3
1400581507_0.jpg,7
1243328233_0.jpg,5
1023344161_0.jpg,5
1123603029_0.jpg,1
1466979075_0.jpg,7
1456435325_0.jpg,0
1208918112_0.jpg,7
1477149202_0.jpg,5
1065222698_0.jpg,0
1242791803_0.jpg,7
1283875049_0.jpg,3
1423621044_0.jpg,4
1477560292_0.jpg,0
1351289918_0.jpg,6
1459698267_0.jpg,5
1122792072_0.jpg,1
1115474156_0.jpg,1
1480897943_0.jpg,4
1198461246_0.jpg,3
1425221200_0.jpg,7
1163795137_0.jpg,1
1212416574_0.jpg,4
1012421889_0.jpg,2
1096604530_0.jpg,3
1159902174_0.jpg,1
1036197394_0.jpg,6
1231020348_0.jpg,2
1069349989_0.jpg,6
1144378889_0.jpg,1
1011710610_0.jpg,6
1049510394_0.jpg,7
1232858609_0.jpg,2
1412542003_0.jpg,7
1032769663_0.jpg,5
1354384530_0.jpg,7
1152108492_0.jpg,7
1237999818_0.jpg,7
1483275036_0.jpg,5
1304614573_0.jpg,7
1041239074_0.jpg,3
1008156433_0.jpg,1
1278296560_0.jpg,3
1096279058_0.jpg,7
1492006158_0.jpg,2
1033564856_0.jpg,6
1275070477_0.jpg,7
1472271276_0.jpg,5
1464360128_0.jpg,0
1467977889_0.jpg,5
1036781622_0.jpg,3
1472296024_0.jpg,0
1263925925_0.jpg,5
1322898418_0.jpg,3
1118978526_0.jpg,3
1769924547_0.jpg,0
1243730852_0.jpg,7
1465381911_0.jpg,0
1207928415_0.jpg,7
1393955842_0.jpg,7
1294744622_0.jpg,3
1059565901_0.jpg,7
1188266582_0.jpg,3
1068617964_0.jpg,2
1199670135_0.jpg,2
1127646794_0.jpg,1
1026303138_0.jpg,3
1157223160_0.jpg,4
1053457188_0.jpg,3
1330122689_0.jpg,6
1022700907_0.jpg,3
1202383146_0.jpg,0
1065004207_0.jpg,7
1236179006_0.jpg,7
1034194510_0.jpg,7
1304402319_0.jpg,7
1079393583_0.jpg,7
1030424457_0.jpg,6
1245605408_0.jpg,7
1434585717_0.jpg,7
1463910519_0.jpg,7
1046132472_0.jpg,5
1309707409_0.jpg,6
1227838535_0.jpg,5
1035901528_0.jpg,3
1237809366_0.jpg,3
1450076052_0.jpg,0
1309283878_0.jpg,7
1432769557_0.jpg,7
1383318642_0.jpg,2
1241578099_0.jpg,3
1170485679_0.jpg,1
1457199791_0.jpg,5
1442398003_0.jpg,7
1318931317_0.jpg,3
1252446000_0.jpg,7
1131068412_0.jpg,7
1499972802_0.jpg,4
1031384022_0.jpg,3
1297052542_0.jpg,6
1206352385_0.jpg,2
1074280256_0.jpg,3
1219357595_0.jpg,7
1419831438_0.jpg,7
1275348054_0.jpg,3
1266833644_0.jpg,3
1031541435_0.jpg,7
1314645215_0.jpg,7
1245305980_0.jpg,2
1301757859_0.jpg,7
1096786895_0.jpg,4
1460260367_0.jpg,5
1032109217_0.jpg,7
1091330975_0.jpg,4
1035330372_0.jpg,7
1033927384_0.jpg,7
1476508234_0.jpg,7
1049537969_0.jpg,0
10015644868_0.jpg,5
1025932802_0.jpg,7
1079099523_0.jpg,3
1030781064_0.jpg,1
1091353990_0.jpg,3
1113808030_0.jpg,4
1098365100_0.jpg,3
1303099640_0.jpg,3
1027645143_0.jpg,7
1229932149_0.jpg,7
1041943987_0.jpg,6
1128807757_0.jpg,1
1093725857_0.jpg,5
1353703778_0.jpg,6
1486858075_0.jpg,5
1266627378_0.jpg,3
1477039426_0.jpg,0
1312336144_0.jpg,3
1136695367_0.jpg,1
1118018755_0.jpg,5
1244005396_0.jpg,7
1017119279_0.jpg,1
1217700148_0.jpg,7
1475417389_0.jpg,4
1030342977_0.jpg,5
1244433326_0.jpg,7
1459188041_0.jpg,7
1023709590_0.jpg,1
1057740612_0.jpg,6
1034685796_0.jpg,6
1335748039_0.jpg,3
1273237616_0.jpg,7
1080724095_0.jpg,0
1031126170_0.jpg,7
1187186846_0.jpg,1
1096183129_0.jpg,7
1107132430_0.jpg,4
1339758661_0.jpg,6
1000299423_0.jpg,7
1320857901_0.jpg,3
1124589834_0.jpg,4
1111989208_0.jpg,0
1036497142_0.jpg,7
1299969191_0.jpg,7
1276809074_0.jpg,5
1461493527_0.jpg,7
1166035755_0.jpg,1
1255195859_0.jpg,5
1297169085_0.jpg,3
1080239665_0.jpg,7
1107927404_0.jpg,1
1470378240_0.jpg,5
1254024567_0.jpg,3
1432248809_0.jpg,5
1194231298_0.jpg,1
1289196993_0.jpg,7
1245586166_0.jpg,7
1159732376_0.jpg,4
1206022408_0.jpg,7
1206013979_0.jpg,5
1432149847_0.jpg,5
1433864167_0.jpg,7
10101241058_0.jpg,0
1158135931_0.jpg,1
1309980473_0.jpg,6
1072883550_0.jpg,7
1128813561_0.jpg,2
1325059498_0.jpg,6
1316150979_0.jpg,4
1241710006_0.jpg,7
1034971550_0.jpg,6
1039602077_0.jpg,7
1459479653_0.jpg,0
1317800847_0.jpg,7
1315184288_0.jpg,2
1164778152_0.jpg,1
1049583476_0.jpg,7
1028819491_0.jpg,7
1005684269_0.jpg,0
1473179842_0.jpg,4
1434731831_0.jpg,7
1344703841_0.jpg,7
1299800777_0.jpg,3
1400405341_0.jpg,0
1187285051_0.jpg,1
1293677336_0.jpg,2
1355708129_0.jpg,3
1273208082_0.jpg,2
1278456620_0.jpg,2
1461147428_0.jpg,7
1259705250_0.jpg,3
1125546336_0.jpg,7
1321168427_0.jpg,3
1076770420_0.jpg,7
1481237493_0.jpg,4
1310115622_0.jpg,6
1485245701_0.jpg,5
1196154592_0.jpg,2
1354774999_0.jpg,5
1473871578_0.jpg,3
1157947179_0.jpg,4
1090531135_0.jpg,3
1065001398_0.jpg,7
1497876496_0.jpg,4
1231649828_0.jpg,5
1242908445_0.jpg,3
1236806666_0.jpg,7
1309181101_0.jpg,2
1035561971_0.jpg,3
1014389867_0.jpg,7
1226647337_0.jpg,3
1043007887_0.jpg,3
1482525246_0.jpg,4
1302695847_0.jpg,3
1006263269_0.jpg,0
1329646748_0.jpg,0
1480699907_0.jpg,4
1181759281_0.jpg,2
1463031483_0.jpg,7
1321440010_0.jpg,3
1275677101_0.jpg,3
1018207045_0.jpg,7
1353649580_0.jpg,7
1272297461_0.jpg,5
1042672325_0.jpg,3
1112352170_0.jpg,7
1313265481_0.jpg,2
1187385239_0.jpg,1
1085510689_0.jpg,1
1213566403_0.jpg,3
1364058707_0.jpg,3
1435868584_0.jpg,5
